Workbook

Sheet 2026累計
A1: No. | B1: JANコード | C1: 商品符号 | D1: ブランド | E1: 商品名称 | F1: 2601 | H1: 2602 | J1: 2603 | L1: 2604 | N1: 2605 | P1: 2606 | R1: 2607 | T1: 2608 | V1: 2609 | X1: 2610 | Z1: 2611 | AB1: 2612 | AD1: 合計
F2: 数量 | G2: 金額 | H2: 数量 | I2: 金額 | J2: 数量 | K2: 金額 | L2: 数量 | M2: 金額 | N2: 数量 | O2: 金額 | P2: 数量 | Q2: 金額 | R2: 数量 | S2: 金額 | T2: 数量 | U2: 金額 | V2: 数量 | W2: 金額 | X2: 数量 | Y2: 金額 | Z2: 数量 | AA2: 金額 | AB2: 数量 | AC2: 金額 | AD2: 数量 | AE2: 金額
A3: 472 | B3: 4971710631739 | C3: DLCN | D3: MKM | E3: MAKE KEEP MIST EX + COOL S | N3: =VLOOKUP(C3,'[4]レポート 3'!$D:$E,2,0) -> 59472 | O3: =VLOOKUP(C3,'[4]レポート 3'!$D:$F,3,0) -> 42522480 | AD3: =F3+H3+J3+L3+N3+P3+R3+T3+V3+X3+Z3+AB3 -> 59472 | AE3: =G3+I3+K3+M3+O3+Q3+S3+U3+W3+Y3+AA3+AC3 -> 42522480
A4: 2 | B4: 4971710576306 | C4: DLEA | D4: MKM | E4: MAKE KEEP MIST EX + | F4: 20808 | G4: 14877720 | H4: 9000 | I4: 6435000 | J4: =VLOOKUP(C4,[1]Sheet2!$A:$B,2,0 ) -> 7500 | K4: =VLOOKUP(C4,[1]Sheet2!$A:$C,3,0) -> 5362500 | L4: 17640 | M4: 12612600 | N4: 15924 | O4: 11385660 | AD4: =F4+H4+J4+L4+N4+P4+R4+T4+V4+X4+Z4+AB4 -> 70872 | AE4: =G4+I4+K4+M4+O4+Q4+S4+U4+W4+Y4+AA4+AC4 -> 50673480
A5: 473 | B5: 4971710631746 | C5: DLCQ | D5: MKM | E5: MAKE KEEP POWDER EX COOL | N5: =VLOOKUP(C5,'[4]レポート 3'!$D:$E,2,0) -> 7647 | O5: =VLOOKUP(C5,'[4]レポート 3'!$D:$F,3,0) -> 5467605 | AD5: =F5+H5+J5+L5+N5+P5+R5+T5+V5+X5+Z5+AB5 -> 7647 | AE5: =G5+I5+K5+M5+O5+Q5+S5+U5+W5+Y5+AA5+AC5 -> 5467605
A6: 474 | B6: 4971710631951 | C6: DLCR | D6: MKM | E6: MAKE KEEP PRIMER UV COOL | N6: =VLOOKUP(C6,'[4]レポート 3'!$D:$E,2,0) -> 3600 | O6: =VLOOKUP(C6,'[4]レポート 3'!$D:$F,3,0) -> 2574000 | AD6: =F6+H6+J6+L6+N6+P6+R6+T6+V6+X6+Z6+AB6 -> 3600 | AE6: =G6+I6+K6+M6+O6+Q6+S6+U6+W6+Y6+AA6+AC6 -> 2574000
A7: 11 | B7: 4971710598711 | C7: DLFP | D7: MKM | E7: MAKE KEEP POWDER ＥＸ | H7: 606 | I7: 419958 | J7: =VLOOKUP(C7,[1]Sheet2!$A:$B,2,0 ) -> 1128 | K7: =VLOOKUP(C7,[1]Sheet2!$A:$C,3,0) -> 781704 | L7: 5790 | M7: 4012470 | N7: 1344 | O7: 931392 | AD7: =F7+H7+J7+L7+N7+P7+R7+T7+V7+X7+Z7+AB7 -> 8868 | AE7: =G7+I7+K7+M7+O7+Q7+S7+U7+W7+Y7+AA7+AC7 -> 6145524
A8: 6 | B8: 4971710511505 | C8: DLIB | D8: CCS | E8: CURL KEEP MAGIC | F8: 6960 | G8: 3445200 | H8: 1000 | I8: 495000 | J8: =VLOOKUP(C8,[1]Sheet2!$A:$B,2,0 ) -> 1050 | K8: =VLOOKUP(C8,[1]Sheet2!$A:$C,3,0) -> 519750 | L8: 1500 | M8: 742500 | N8: 1050 | O8: 519750 | AD8: =F8+H8+J8+L8+N8+P8+R8+T8+V8+X8+Z8+AB8 -> 11560 | AE8: =G8+I8+K8+M8+O8+Q8+S8+U8+W8+Y8+AA8+AC8 -> 5722200
A9: 7 | B9: 4971710580600 | C9: MTSW | D9: SEKKISEI | E9: SEKKISEI BRIGHTENING ESSENCE LOTION | F9: 480 | G9: 1293600 | H9: 1590 | I9: 4285050 | J9: =VLOOKUP(C9,[1]Sheet2!$A:$B,2,0 ) -> 2144 | K9: =VLOOKUP(C9,[1]Sheet2!$A:$C,3,0) -> 5778080 | L9: 890 | M9: 2398550 | N9: 1020 | O9: 2748900 | AD9: =F9+H9+J9+L9+N9+P9+R9+T9+V9+X9+Z9+AB9 -> 6124 | AE9: =G9+I9+K9+M9+O9+Q9+S9+U9+W9+Y9+AA9+AC9 -> 16504180
A10: 78 | B10: 4971710597707 | C10: DLCA | D10: MKM | E10: MAKE KEEP POWDER EX | H10: 100 | I10: 24700 | J10: =VLOOKUP(C10,[1]Sheet2!$A:$B,2,0 ) -> 0 | K10: =VLOOKUP(C10,[1]Sheet2!$A:$C,3,0) -> 0 | L10: 74 | M10: 18315 | N10: 1000 | O10: 247500 | AD10: =F10+H10+J10+L10+N10+P10+R10+T10+V10+X10+Z10+AB10 -> 1174 | AE10: =G10+I10+K10+M10+O10+Q10+S10+U10+W10+Y10+AA10+AC10 -> 290515
A11: 5 | B11: 4971710565065 | C11: MUSC | D11: ONE BY KOSE | E11: ONE BY KOSE SERUM SHIELD | F11: 1680 | G11: 4989600 | H11: 5000 | I11: 14850000 | J11: =VLOOKUP(C11,[1]Sheet2!$A:$B,2,0 ) -> 4172 | K11: =VLOOKUP(C11,[1]Sheet2!$A:$C,3,0) -> 12390840 | L11: 3248 | M11: 9646560 | N11: 840 | O11: 2494800 | AD11: =F11+H11+J11+L11+N11+P11+R11+T11+V11+X11+Z11+AB11 -> 14940 | AE11: =G11+I11+K11+M11+O11+Q11+S11+U11+W11+Y11+AA11+AC11 -> 44371800
A12: 14 | B12: 4971710576573 | C12: DLEB | D12: MKM | E12: MAKE KEEP MIST EX +＜35mL＞ | F12: 200 | G12: 94600 | H12: 189 | I12: 89397 | J12: =VLOOKUP(C12,[1]Sheet2!$A:$B,2,0 ) -> 678 | K12: =VLOOKUP(C12,[1]Sheet2!$A:$C,3,0) -> 320694 | N12: 690 | O12: 326370 | AD12: =F12+H12+J12+L12+N12+P12+R12+T12+V12+X12+Z12+AB12 -> 1757 | AE12: =G12+I12+K12+M12+O12+Q12+S12+U12+W12+Y12+AA12+AC12 -> 831061
A13: 52 | B13: 4971710522839 | C13: DLID | D13: CCS | E13: CURL KEEP MAGIC ESSENCE REMOVER | F13: 192 | G13: 84480 | N13: 500 | O13: 220000 | AD13: =F13+H13+J13+L13+N13+P13+R13+T13+V13+X13+Z13+AB13 -> 692 | AE13: =G13+I13+K13+M13+O13+Q13+S13+U13+W13+Y13+AA13+AC13 -> 304480
A14: 26 | B14: 4971710622164 | C14: MSYC | D14: ONE BY KOSE | E14: ONE BY KOSE MELANOSHOT P | F14: 50 | G14: 156750 | H14: 216 | I14: 677160 | J14: =VLOOKUP(C14,[1]Sheet2!$A:$B,2,0 ) -> 237 | K14: =VLOOKUP(C14,[1]Sheet2!$A:$C,3,0) -> 742995 | L14: 688 | M14: 2156880 | N14: 476 | O14: 1492260 | AD14: =F14+H14+J14+L14+N14+P14+R14+T14+V14+X14+Z14+AB14 -> 1667 | AE14: =G14+I14+K14+M14+O14+Q14+S14+U14+W14+Y14+AA14+AC14 -> 5226045
A15: 23 | B15: 4971710551006 | C15: YNRE001 | D15: VISEE | E15: VISEE ESSENCE LIP PLUMPER SP001 | H15: 330 | I15: 235950 | J15: =VLOOKUP(C15,[1]Sheet2!$A:$B,2,0 ) -> 252 | K15: =VLOOKUP(C15,[1]Sheet2!$A:$C,3,0) -> 180180 | L15: 80 | M15: 57200 | N15: 470 | O15: 336050 | AD15: =F15+H15+J15+L15+N15+P15+R15+T15+V15+X15+Z15+AB15 -> 1132 | AE15: =G15+I15+K15+M15+O15+Q15+S15+U15+W15+Y15+AA15+AC15 -> 809380
A16: 8 | B16: 4971710561395 | C16: MUCH | D16: ONE BY KOSE | E16: ONE BY KOSE PORE CLEAR OIL | F16: 1606 | G16: 1589940 | H16: 986 | I16: 976140 | J16: =VLOOKUP(C16,[1]Sheet2!$A:$B,2,0 ) -> 292 | K16: =VLOOKUP(C16,[1]Sheet2!$A:$C,3,0) -> 289080 | N16: 432 | O16: 427680 | AD16: =F16+H16+J16+L16+N16+P16+R16+T16+V16+X16+Z16+AB16 -> 3316 | AE16: =G16+I16+K16+M16+O16+Q16+S16+U16+W16+Y16+AA16+AC16 -> 3282840
A17: 41 | B17: 4971710595543 | C17: YNXX006 | D17: VISEE | E17: VISEE W MOOD EYES BL-6 | F17: 30 | G17: 23100 | H17: 120 | I17: 92400 | J17: =VLOOKUP(C17,[1]Sheet2!$A:$B,2,0 ) -> 190 | K17: =VLOOKUP(C17,[1]Sheet2!$A:$C,3,0) -> 146300 | L17: 240 | M17: 184800 | N17: 400 | O17: 308000 | AD17: =F17+H17+J17+L17+N17+P17+R17+T17+V17+X17+Z17+AB17 -> 980 | AE17: =G17+I17+K17+M17+O17+Q17+S17+U17+W17+Y17+AA17+AC17 -> 754600
A18: 22 | B18: 4971710571868 | C18: MTSD | D18: SEKKISEI | E18: SEKKISEI BRIGHTENING EMULSION | H18: 180 | I18: 405900 | J18: =VLOOKUP(C18,[1]Sheet2!$A:$B,2,0 ) -> 473 | K18: =VLOOKUP(C18,[1]Sheet2!$A:$C,3,0) -> 1066615 | L18: 127 | M18: 286385 | N18: 377 | O18: 850135 | AD18: =F18+H18+J18+L18+N18+P18+R18+T18+V18+X18+Z18+AB18 -> 1157 | AE18: =G18+I18+K18+M18+O18+Q18+S18+U18+W18+Y18+AA18+AC18 -> 2609035
A19: 10 | B19: 4971710580396 | C19: MUXD | D19: ONE BY KOSE | E19: ONE BY KOSE SERUM VEIL DEEP REPAIR | F19: 572 | G19: 2831400 | H19: 440 | I19: 2178000 | J19: =VLOOKUP(C19,[1]Sheet2!$A:$B,2,0 ) -> 744 | K19: =VLOOKUP(C19,[1]Sheet2!$A:$C,3,0) -> 3682800 | L19: 320 | M19: 1584000 | N19: 366 | O19: 1811700 | AD19: =F19+H19+J19+L19+N19+P19+R19+T19+V19+X19+Z19+AB19 -> 2442 | AE19: =G19+I19+K19+M19+O19+Q19+S19+U19+W19+Y19+AA19+AC19 -> 12087900
A20: 16 | B20: 4971710592955 | C20: YNGC001 | D20: VISEE | E20: VISEE COLOR DUO TRICK CONCEALER 01 | F20: 20 | G20: 12100 | H20: 610 | I20: 369050 | J20: =VLOOKUP(C20,[1]Sheet2!$A:$B,2,0 ) -> 306 | K20: =VLOOKUP(C20,[1]Sheet2!$A:$C,3,0) -> 185130 | L20: 1518 | M20: 918390 | N20: 362 | O20: 219010 | AD20: =F20+H20+J20+L20+N20+P20+R20+T20+V20+X20+Z20+AB20 -> 2816 | AE20: =G20+I20+K20+M20+O20+Q20+S20+U20+W20+Y20+AA20+AC20 -> 1703680
A21: 28 | B21: 4971710577341 | C21: MUXA | D21: ONE BY KOSE | E21: ONE BY KOSE SERUM VEIL DEEP REPAIR | F21: 112 | G21: 332640 | H21: 388 | I21: 1152360 | L21: 700 | M21: 2079000 | N21: 342 | O21: 1015740 | AD21: =F21+H21+J21+L21+N21+P21+R21+T21+V21+X21+Z21+AB21 -> 1542 | AE21: =G21+I21+K21+M21+O21+Q21+S21+U21+W21+Y21+AA21+AC21 -> 4579740
A22: 42 | B22: 4971710585278 | C22: MTOL | D22: SEKKISEI | E22: SEKKISEI BRIGHTENING FOAM CLEANSER | F22: 120 | G22: 151800 | J22: =VLOOKUP(C22,[1]Sheet2!$A:$B,2,0 ) -> 210 | K22: =VLOOKUP(C22,[1]Sheet2!$A:$C,3,0) -> 265650 | L22: 72 | M22: 91080 | N22: 330 | O22: 417450 | AD22: =F22+H22+J22+L22+N22+P22+R22+T22+V22+X22+Z22+AB22 -> 732 | AE22: =G22+I22+K22+M22+O22+Q22+S22+U22+W22+Y22+AA22+AC22 -> 925980
A23: 29 | B23: 4971710613285 | C23: MUVF | D23: ONE BY KOSE | E23: ONE BY KOSE THE WRINKLESS W | F23: 100 | G23: 412500 | H23: 100 | I23: 412500 | J23: =VLOOKUP(C23,[1]Sheet2!$A:$B,2,0 ) -> 297 | K23: =VLOOKUP(C23,[1]Sheet2!$A:$C,3,0) -> 1225125 | L23: 420 | M23: 1732500 | N23: 314 | O23: 1295250 | AD23: =F23+H23+J23+L23+N23+P23+R23+T23+V23+X23+Z23+AB23 -> 1231 | AE23: =G23+I23+K23+M23+O23+Q23+S23+U23+W23+Y23+AA23+AC23 -> 5077875
A24: 75 | B24: 4971710563238 | C24: DLBK | D24: MKM | E24: MAKE KEEP PRIMER | H24: 30 | I24: 19800 | J24: =VLOOKUP(C24,[1]Sheet2!$A:$B,2,0 ) -> 78 | K24: =VLOOKUP(C24,[1]Sheet2!$A:$C,3,0) -> 51480 | N24: 312 | O24: 205920 | AD24: =F24+H24+J24+L24+N24+P24+R24+T24+V24+X24+Z24+AB24 -> 420 | AE24: =G24+I24+K24+M24+O24+Q24+S24+U24+W24+Y24+AA24+AC24 -> 277200
A25: 38 | B25: 4971710619867 | C25: YNXX007 | D25: VISEE | E25: VISEE W MOOD EYES BE-7 | H25: 360 | I25: 277200 | L25: 813 | M25: 626010 | N25: 306 | O25: 235620 | AD25: =F25+H25+J25+L25+N25+P25+R25+T25+V25+X25+Z25+AB25 -> 1479 | AE25: =G25+I25+K25+M25+O25+Q25+S25+U25+W25+Y25+AA25+AC25 -> 1138830
A26: 30 | B26: 4971710557787 | C26: DXPO000 | D26: FASIO | E26: FASIO PORE SMOOTH PRIMER 00 | F26: 220 | G26: 108900 | H26: 200 | I26: 99000 | J26: =VLOOKUP(C26,[1]Sheet2!$A:$B,2,0 ) -> 50 | K26: =VLOOKUP(C26,[1]Sheet2!$A:$C,3,0) -> 24750 | L26: 42 | M26: 20790 | N26: 300 | O26: 148500 | AD26: =F26+H26+J26+L26+N26+P26+R26+T26+V26+X26+Z26+AB26 -> 812 | AE26: =G26+I26+K26+M26+O26+Q26+S26+U26+W26+Y26+AA26+AC26 -> 401940
A27: 216 | B27: 4971710494914 | C27: YNUR002 | D27: VISEE | E27: VISEE AVANT LIP & EYE COLOR PENCIL 002 | F27: 12 | G27: 7920 | L27: 165 | M27: 108900 | N27: 282 | O27: 186120 | AD27: =F27+H27+J27+L27+N27+P27+R27+T27+V27+X27+Z27+AB27 -> 459 | AE27: =G27+I27+K27+M27+O27+Q27+S27+U27+W27+Y27+AA27+AC27 -> 302940
A28: 13 | B28: 4971710546071 | C28: MUZU | D28: ONE BY KOSE | E28: ONE BY KOSE DEEP HYDRATOR | F28: 132 | G28: 210540 | H28: 620 | I28: 988900 | J28: =VLOOKUP(C28,[1]Sheet2!$A:$B,2,0 ) -> 474 | K28: =VLOOKUP(C28,[1]Sheet2!$A:$C,3,0) -> 756030 | L28: 400 | M28: 638000 | N28: 256 | O28: 408320 | AD28: =F28+H28+J28+L28+N28+P28+R28+T28+V28+X28+Z28+AB28 -> 1882 | AE28: =G28+I28+K28+M28+O28+Q28+S28+U28+W28+Y28+AA28+AC28 -> 3001790
A29: 9 | B29: 4971710581928 | C29: MTSX | D29: SEKKISEI | E29: SEKKISEI BRIGHTENING EMULSION | F29: 120 | G29: 224400 | H29: 1010 | I29: 1888700 | J29: =VLOOKUP(C29,[1]Sheet2!$A:$B,2,0 ) -> 1440 | K29: =VLOOKUP(C29,[1]Sheet2!$A:$C,3,0) -> 2692800 | L29: 372 | M29: 695640 | N29: 240 | O29: 448800 | AD29: =F29+H29+J29+L29+N29+P29+R29+T29+V29+X29+Z29+AB29 -> 3182 | AE29: =G29+I29+K29+M29+O29+Q29+S29+U29+W29+Y29+AA29+AC29 -> 5950340
A30: 33 | B30: 4971710585261 | C30: MTOK | D30: SEKKISEI | E30: SEKKISEI BRIGHTENING CLEANSING OIL | F30: 120 | G30: 145200 | H30: 80 | I30: 96800 | J30: =VLOOKUP(C30,[1]Sheet2!$A:$B,2,0 ) -> 240 | K30: =VLOOKUP(C30,[1]Sheet2!$A:$C,3,0) -> 290400 | L30: 27 | M30: 32670 | N30: 240 | O30: 290400 | AD30: =F30+H30+J30+L30+N30+P30+R30+T30+V30+X30+Z30+AB30 -> 707 | AE30: =G30+I30+K30+M30+O30+Q30+S30+U30+W30+Y30+AA30+AC30 -> 855470
A31: 12 | B31: 4971710573855 | C31: MTSC | D31: SEKKISEI | E31: SEKKISEI BRIGHTENING ESSENCE LOTION | H31: 200 | I31: 418000 | J31: =VLOOKUP(C31,[1]Sheet2!$A:$B,2,0 ) -> 1173 | K31: =VLOOKUP(C31,[1]Sheet2!$A:$C,3,0) -> 2451570 | L31: 24 | M31: 50160 | N31: 234 | O31: 489060 | AD31: =F31+H31+J31+L31+N31+P31+R31+T31+V31+X31+Z31+AB31 -> 1631 | AE31: =G31+I31+K31+M31+O31+Q31+S31+U31+W31+Y31+AA31+AC31 -> 3408790
A32: 24 | B32: 4971710582338 | C32: MTSY | D32: SEKKISEI | E32: SEKKISEI BRIGHTENING CREAM | F32: 192 | G32: 411840 | J32: =VLOOKUP(C32,[1]Sheet2!$A:$B,2,0 ) -> 372 | K32: =VLOOKUP(C32,[1]Sheet2!$A:$C,3,0) -> 797940 | L32: 108 | M32: 231660 | N32: 216 | O32: 463320 | AD32: =F32+H32+J32+L32+N32+P32+R32+T32+V32+X32+Z32+AB32 -> 888 | AE32: =G32+I32+K32+M32+O32+Q32+S32+U32+W32+Y32+AA32+AC32 -> 1904760
A33: 31 | B33: 4971710622201 | C33: MSYF | D33: ONE BY KOSE | E33: ONE BY KOSE MELANOSHOT P | H33: 316 | I33: 1286120 | J33: =VLOOKUP(C33,[1]Sheet2!$A:$B,2,0 ) -> 152 | K33: =VLOOKUP(C33,[1]Sheet2!$A:$C,3,0) -> 618640 | N33: 200 | O33: 814000 | AD33: =F33+H33+J33+L33+N33+P33+R33+T33+V33+X33+Z33+AB33 -> 668 | AE33: =G33+I33+K33+M33+O33+Q33+S33+U33+W33+Y33+AA33+AC33 -> 2718760
A34: 32 | B34: 4971710622188 | C34: MSYD | D34: ONE BY KOSE | E34: ONE BY KOSE MELANOSHOT P | F34: 50 | G34: 148500 | H34: 216 | I34: 641520 | J34: =VLOOKUP(C34,[1]Sheet2!$A:$B,2,0 ) -> 187 | K34: =VLOOKUP(C34,[1]Sheet2!$A:$C,3,0) -> 555390 | N34: 200 | O34: 594000 | AD34: =F34+H34+J34+L34+N34+P34+R34+T34+V34+X34+Z34+AB34 -> 653 | AE34: =G34+I34+K34+M34+O34+Q34+S34+U34+W34+Y34+AA34+AC34 -> 1939410
A35: 19 | B35: 4971710599954 | C35: MUSH | D35: ONE BY KOSE | E35: ONE BY KOSE SERUM VEIL LOTION | F35: 126 | G35: 180180 | H35: 275 | I35: 393250 | J35: =VLOOKUP(C35,[1]Sheet2!$A:$B,2,0 ) -> 488 | K35: =VLOOKUP(C35,[1]Sheet2!$A:$C,3,0) -> 697840 | L35: 650 | M35: 929500 | N35: 182 | O35: 260260 | AD35: =F35+H35+J35+L35+N35+P35+R35+T35+V35+X35+Z35+AB35 -> 1721 | AE35: =G35+I35+K35+M35+O35+Q35+S35+U35+W35+Y35+AA35+AC35 -> 2461030
A36: 91 | B36: 4971710556865 | C36: YNST300 | D36: VISEE | E36: VISEE SHADE TRICK BR300 | H36: 70 | I36: 61600 | J36: =VLOOKUP(C36,[1]Sheet2!$A:$B,2,0 ) -> 15 | K36: =VLOOKUP(C36,[1]Sheet2!$A:$C,3,0) -> 13200 | L36: 15 | M36: 13200 | N36: 180 | O36: 158400 | AD36: =F36+H36+J36+L36+N36+P36+R36+T36+V36+X36+Z36+AB36 -> 280 | AE36: =G36+I36+K36+M36+O36+Q36+S36+U36+W36+Y36+AA36+AC36 -> 246400
A37: 489 | B37: 4971710633009 | C37: YNRJ681 | D37: VISEE | E37: VISEE ESSENCE PLUMP BALM RO681 | N37: =VLOOKUP(C37,'[4]レポート 3'!$D:$E,2,0) -> 180 | O37: =VLOOKUP(C37,'[4]レポート 3'!$D:$F,3,0) -> 148500 | AD37: =F37+H37+J37+L37+N37+P37+R37+T37+V37+X37+Z37+AB37 -> 180 | AE37: =G37+I37+K37+M37+O37+Q37+S37+U37+W37+Y37+AA37+AC37 -> 148500
A38: 490 | B38: 4971710633078 | C38: YNRJ882 | D38: VISEE | E38: VISEE ESSENCE PLUMP BALM PK882 | N38: =VLOOKUP(C38,'[4]レポート 3'!$D:$E,2,0) -> 180 | O38: =VLOOKUP(C38,'[4]レポート 3'!$D:$F,3,0) -> 148500 | AD38: =F38+H38+J38+L38+N38+P38+R38+T38+V38+X38+Z38+AB38 -> 180 | AE38: =G38+I38+K38+M38+O38+Q38+S38+U38+W38+Y38+AA38+AC38 -> 148500
A39: 68 | B39: 4971710588163 | C39: DLSC | D39: CCS | E39: SUPER UV PROTECTOR | H39: 30 | I39: 21450 | J39: =VLOOKUP(C39,[1]Sheet2!$A:$B,2,0 ) -> 93 | K39: =VLOOKUP(C39,[1]Sheet2!$A:$C,3,0) -> 66495 | L39: 2570 | M39: 1837550 | N39: 170 | O39: 121550 | AD39: =F39+H39+J39+L39+N39+P39+R39+T39+V39+X39+Z39+AB39 -> 2863 | AE39: =G39+I39+K39+M39+O39+Q39+S39+U39+W39+Y39+AA39+AC39 -> 2047045
A40: 61 | B40: 4971710599985 | C40: MUSO | D40: ONE BY KOSE | E40: ONE BY KOSE SERUM VEIL EMULSION | H40: 5 | I40: 7975 | J40: =VLOOKUP(C40,[1]Sheet2!$A:$B,2,0 ) -> 162 | K40: =VLOOKUP(C40,[1]Sheet2!$A:$C,3,0) -> 258390 | L40: 400 | M40: 638000 | N40: 170 | O40: 271150 | AD40: =F40+H40+J40+L40+N40+P40+R40+T40+V40+X40+Z40+AB40 -> 737 | AE40: =G40+I40+K40+M40+O40+Q40+S40+U40+W40+Y40+AA40+AC40 -> 1175515
A41: 21 | B41: 4971710568899 | C41: MUWI | D41: ONE BY KOSE | E41: ONE BY KOSE WRINKLE DOUBLE REPAIR | F41: 24 | G41: 35640 | H41: 332 | I41: 493020 | J41: =VLOOKUP(C41,[1]Sheet2!$A:$B,2,0 ) -> 322 | K41: =VLOOKUP(C41,[1]Sheet2!$A:$C,3,0) -> 478170 | L41: 100 | M41: 148500 | N41: 160 | O41: 237600 | AD41: =F41+H41+J41+L41+N41+P41+R41+T41+V41+X41+Z41+AB41 -> 938 | AE41: =G41+I41+K41+M41+O41+Q41+S41+U41+W41+Y41+AA41+AC41 -> 1392930
A42: 94 | B42: 4971710621907 | C42: YNRN350 | D42: VISEE | E42: VISEE NENMAKU FAKE ROUGE II BR350 | H42: 80 | I42: 66000 | N42: 156 | O42: 128700 | AD42: =F42+H42+J42+L42+N42+P42+R42+T42+V42+X42+Z42+AB42 -> 236 | AE42: =G42+I42+K42+M42+O42+Q42+S42+U42+W42+Y42+AA42+AC42 -> 194700
A43: 69 | B43: 4971710573992 | C43: MTSE | D43: SEKKISEI | E43: SEKKISEI BRIGHTENING ESSENCE LOTION | H43: 31 | I43: 98890 | J43: =VLOOKUP(C43,[1]Sheet2!$A:$B,2,0 ) -> 90 | K43: =VLOOKUP(C43,[1]Sheet2!$A:$C,3,0) -> 287100 | L43: 170 | M43: 542300 | N43: 150 | O43: 478500 | AD43: =F43+H43+J43+L43+N43+P43+R43+T43+V43+X43+Z43+AB43 -> 441 | AE43: =G43+I43+K43+M43+O43+Q43+S43+U43+W43+Y43+AA43+AC43 -> 1406790
A44: 284 | B44: 4971710494167 | C44: YNBN300 | D44: VISEE | E44: VISEE EYEBROW PENCIL S BR300 | L44: 65 | M44: 19305 | N44: 140 | O44: 41580 | AD44: =F44+H44+J44+L44+N44+P44+R44+T44+V44+X44+Z44+AB44 -> 205 | AE44: =G44+I44+K44+M44+O44+Q44+S44+U44+W44+Y44+AA44+AC44 -> 60885
A45: 35 | B45: 4971710585254 | C45: MTOJ | D45: SEKKISEI | E45: SEKKISEI BRIGHTENING CLEANSING OIL | F45: 162 | G45: 240570 | H45: 18 | I45: 26730 | J45: =VLOOKUP(C45,[1]Sheet2!$A:$B,2,0 ) -> 226 | K45: =VLOOKUP(C45,[1]Sheet2!$A:$C,3,0) -> 335610 | L45: 40 | M45: 59400 | N45: 136 | O45: 201960 | AD45: =F45+H45+J45+L45+N45+P45+R45+T45+V45+X45+Z45+AB45 -> 582 | AE45: =G45+I45+K45+M45+O45+Q45+S45+U45+W45+Y45+AA45+AC45 -> 864270
A46: 43 | B46: 4971710599923 | C46: MUSG | D46: ONE BY KOSE | E46: ONE BY KOSE SERUM VEIL LOTION | F46: 86 | G46: 141900 | H46: 125 | I46: 206250 | J46: =VLOOKUP(C46,[1]Sheet2!$A:$B,2,0 ) -> 118 | K46: =VLOOKUP(C46,[1]Sheet2!$A:$C,3,0) -> 194700 | N46: 130 | O46: 214500 | AD46: =F46+H46+J46+L46+N46+P46+R46+T46+V46+X46+Z46+AB46 -> 459 | AE46: =G46+I46+K46+M46+O46+Q46+S46+U46+W46+Y46+AA46+AC46 -> 757350
A47: 27 | B47: 4971710580372 | C47: MUXC | D47: ONE BY KOSE | E47: ONE BY KOSE SERUM VEIL DEEP REPAIR | F47: 112 | G47: 320320 | H47: 390 | I47: 1115400 | L47: 480 | M47: 1372800 | N47: 122 | O47: 348920 | AD47: =F47+H47+J47+L47+N47+P47+R47+T47+V47+X47+Z47+AB47 -> 1104 | AE47: =G47+I47+K47+M47+O47+Q47+S47+U47+W47+Y47+AA47+AC47 -> 3157440
A48: 40 | B48: 4971710570250 | C48: MTSU | D48: SEKKISEI | E48: SEKKISEI BRIGHTENING CREAM | F48: 90 | G48: 212850 | H48: 64 | I48: 151360 | J48: =VLOOKUP(C48,[1]Sheet2!$A:$B,2,0 ) -> 204 | K48: =VLOOKUP(C48,[1]Sheet2!$A:$C,3,0) -> 482460 | L48: 96 | M48: 227040 | N48: 122 | O48: 288530 | AD48: =F48+H48+J48+L48+N48+P48+R48+T48+V48+X48+Z48+AB48 -> 576 | AE48: =G48+I48+K48+M48+O48+Q48+S48+U48+W48+Y48+AA48+AC48 -> 1362240
A49: 171 | B49: 4971710494211 | C49: YNBN001 | D49: VISEE | E49: VISEE EYEBROW PENCIL S GY001 | J49: =VLOOKUP(C49,[1]Sheet2!$A:$B,2,0 ) -> 30 | K49: =VLOOKUP(C49,[1]Sheet2!$A:$C,3,0) -> 8910 | L49: 24 | M49: 7128 | N49: 122 | O49: 36234 | AD49: =F49+H49+J49+L49+N49+P49+R49+T49+V49+X49+Z49+AB49 -> 176 | AE49: =G49+I49+K49+M49+O49+Q49+S49+U49+W49+Y49+AA49+AC49 -> 52272
A50: 37 | B50: 4971710278521 | C50: MUSE | D50: ONE BY KOSE | E50: ONE BY KOSE BALANCING TUNER | F50: 220 | G50: 544500 | H50: 142 | I50: 351450 | N50: 120 | O50: 297000 | AD50: =F50+H50+J50+L50+N50+P50+R50+T50+V50+X50+Z50+AB50 -> 482 | AE50: =G50+I50+K50+M50+O50+Q50+S50+U50+W50+Y50+AA50+AC50 -> 1192950
A51: 114 | B51: 4971710580471 | C51: DXAO001 | D51: FASIO | E51: FASIO LASH PERM MASCARA SKINNY 01 | F51: 20 | G51: 13200 | J51: =VLOOKUP(C51,[1]Sheet2!$A:$B,2,0 ) -> 50 | K51: =VLOOKUP(C51,[1]Sheet2!$A:$C,3,0) -> 33000 | L51: 20 | M51: 13200 | N51: 120 | O51: 79200 | AD51: =F51+H51+J51+L51+N51+P51+R51+T51+V51+X51+Z51+AB51 -> 210 | AE51: =G51+I51+K51+M51+O51+Q51+S51+U51+W51+Y51+AA51+AC51 -> 138600
A52: 491 | B52: 4971710619775 | C52: YNTY005 | D52: VISEE | E52: VISEE LAYERED FLEURI CHEEK PU-5 | N52: =VLOOKUP(C52,'[4]レポート 3'!$D:$E,2,0) -> 101 | O52: =VLOOKUP(C52,'[4]レポート 3'!$D:$F,3,0) -> 88880 | AD52: =F52+H52+J52+L52+N52+P52+R52+T52+V52+X52+Z52+AB52 -> 101 | AE52: =G52+I52+K52+M52+O52+Q52+S52+U52+W52+Y52+AA52+AC52 -> 88880
A53: 88 | B53: 4971710556841 | C53: YNFB000 | D53: VISEE | E53: VISEE GLOW BALM FOUNDATION 00 | F53: 30 | G53: 29700 | H53: 30 | I53: 29700 | J53: =VLOOKUP(C53,[1]Sheet2!$A:$B,2,0 ) -> 30 | K53: =VLOOKUP(C53,[1]Sheet2!$A:$C,3,0) -> 29700 | L53: 12 | M53: 11880 | N53: 95 | O53: 94050 | AD53: =F53+H53+J53+L53+N53+P53+R53+T53+V53+X53+Z53+AB53 -> 197 | AE53: =G53+I53+K53+M53+O53+Q53+S53+U53+W53+Y53+AA53+AC53 -> 195030
A54: 82 | B54: 4971710619782 | C54: YNTY006 | D54: VISEE | E54: VISEE LAYERED FLEURI CHEEK PK-6 | J54: =VLOOKUP(C54,[1]Sheet2!$A:$B,2,0 ) -> 100 | K54: =VLOOKUP(C54,[1]Sheet2!$A:$C,3,0) -> 88000 | N54: 91 | O54: 80080 | AD54: =F54+H54+J54+L54+N54+P54+R54+T54+V54+X54+Z54+AB54 -> 191 | AE54: =G54+I54+K54+M54+O54+Q54+S54+U54+W54+Y54+AA54+AC54 -> 168080
A55: 101 | B55: 4971710621921 | C55: YNRN852 | D55: VISEE | E55: VISEE NENMAKU FAKE ROUGE II PK852 | H55: 80 | I55: 66000 | L55: 145 | M55: 119625 | N55: 90 | O55: 74250 | AD55: =F55+H55+J55+L55+N55+P55+R55+T55+V55+X55+Z55+AB55 -> 315 | AE55: =G55+I55+K55+M55+O55+Q55+S55+U55+W55+Y55+AA55+AC55 -> 259875
A56: 99 | B56: 4971710621877 | C56: YNRN850 | D56: VISEE | E56: VISEE NENMAKU FAKE ROUGE II PK850 | H56: 80 | I56: 66000 | L56: 127 | M56: 104775 | N56: 90 | O56: 74250 | AD56: =F56+H56+J56+L56+N56+P56+R56+T56+V56+X56+Z56+AB56 -> 297 | AE56: =G56+I56+K56+M56+O56+Q56+S56+U56+W56+Y56+AA56+AC56 -> 245025
A57: 95 | B57: 4971710621860 | C57: YNRN351 | D57: VISEE | E57: VISEE NENMAKU FAKE ROUGE II BE351 | H57: 80 | I57: 66000 | L57: 124 | M57: 102300 | N57: 90 | O57: 74250 | AD57: =F57+H57+J57+L57+N57+P57+R57+T57+V57+X57+Z57+AB57 -> 294 | AE57: =G57+I57+K57+M57+O57+Q57+S57+U57+W57+Y57+AA57+AC57 -> 242550
A58: 100 | B58: 4971710621884 | C58: YNRN851 | D58: VISEE | E58: VISEE NENMAKU FAKE ROUGE II PK851 | H58: 80 | I58: 66000 | L58: 95 | M58: 78375 | N58: 90 | O58: 74250 | AD58: =F58+H58+J58+L58+N58+P58+R58+T58+V58+X58+Z58+AB58 -> 265 | AE58: =G58+I58+K58+M58+O58+Q58+S58+U58+W58+Y58+AA58+AC58 -> 218625
A59: 96 | B59: 4971710621914 | C59: YNRN352 | D59: VISEE | E59: VISEE NENMAKU FAKE ROUGE II BE352 | H59: 80 | I59: 66000 | L59: 2 | M59: 1650 | N59: 90 | O59: 74250 | AD59: =F59+H59+J59+L59+N59+P59+R59+T59+V59+X59+Z59+AB59 -> 172 | AE59: =G59+I59+K59+M59+O59+Q59+S59+U59+W59+Y59+AA59+AC59 -> 141900
A60: 482 | B60: 4971710632453 | C60: YNGW004 | D60: VISEE | E60: VISEE NUANCE DEWY CREATOR CLEAR TYPE RD-4 | N60: =VLOOKUP(C60,'[4]レポート 3'!$D:$E,2,0) -> 90 | O60: =VLOOKUP(C60,'[4]レポート 3'!$D:$F,3,0) -> 64350 | AD60: =F60+H60+J60+L60+N60+P60+R60+T60+V60+X60+Z60+AB60 -> 90 | AE60: =G60+I60+K60+M60+O60+Q60+S60+U60+W60+Y60+AA60+AC60 -> 64350
A61: 182 | B61: 4971710619744 | C61: YNTY002 | D61: VISEE | E61: VISEE LAYERED FLEURI CHEEK PK-2 | J61: =VLOOKUP(C61,[1]Sheet2!$A:$B,2,0 ) -> 30 | K61: =VLOOKUP(C61,[1]Sheet2!$A:$C,3,0) -> 26400 | L61: 158 | M61: 139040 | N61: 85 | O61: 74800 | AD61: =F61+H61+J61+L61+N61+P61+R61+T61+V61+X61+Z61+AB61 -> 273 | AE61: =G61+I61+K61+M61+O61+Q61+S61+U61+W61+Y61+AA61+AC61 -> 240240
A62: 77 | B62: 4971710595499 | C62: YNXX001 | D62: VISEE | E62: VISEE W MOOD EYES BR-1 | F62: 10 | G62: 7700 | H62: 42 | I62: 32340 | J62: =VLOOKUP(C62,[1]Sheet2!$A:$B,2,0 ) -> 50 | K62: =VLOOKUP(C62,[1]Sheet2!$A:$C,3,0) -> 38500 | L62: 200 | M62: 154000 | N62: 80 | O62: 61600 | AD62: =F62+H62+J62+L62+N62+P62+R62+T62+V62+X62+Z62+AB62 -> 382 | AE62: =G62+I62+K62+M62+O62+Q62+S62+U62+W62+Y62+AA62+AC62 -> 294140
A63: 154 | B63: 4971710484236 | C63: YNUA034 | D63: VISEE | E63: VISEE AVANT SINGLE EYE COLOR 034 | F63: 20 | G63: 8800 | J63: =VLOOKUP(C63,[1]Sheet2!$A:$B,2,0 ) -> 20 | K63: =VLOOKUP(C63,[1]Sheet2!$A:$C,3,0) -> 8800 | L63: 30 | M63: 13200 | N63: 80 | O63: 35200 | AD63: =F63+H63+J63+L63+N63+P63+R63+T63+V63+X63+Z63+AB63 -> 150 | AE63: =G63+I63+K63+M63+O63+Q63+S63+U63+W63+Y63+AA63+AC63 -> 66000
A64: 245 | B64: 4971710592962 | C64: YNGC002 | D64: VISEE | E64: VISEE COLOR DUO TRICK CONCEALER 02 | J64: =VLOOKUP(C64,[1]Sheet2!$A:$B,2,0 ) -> 6 | K64: =VLOOKUP(C64,[1]Sheet2!$A:$C,3,0) -> 3630 | L64: 2 | M64: 1210 | N64: 80 | O64: 48400 | AD64: =F64+H64+J64+L64+N64+P64+R64+T64+V64+X64+Z64+AB64 -> 88 | AE64: =G64+I64+K64+M64+O64+Q64+S64+U64+W64+Y64+AA64+AC64 -> 53240
A65: 478 | B65: 4971710638905 | C65: YNDX001 | D65: VISEE | E65: VISEE COLOR LOCK EYE BASE 01 | N65: =VLOOKUP(C65,'[4]レポート 3'!$D:$E,2,0) -> 80 | O65: =VLOOKUP(C65,'[4]レポート 3'!$D:$F,3,0) -> 52800 | AD65: =F65+H65+J65+L65+N65+P65+R65+T65+V65+X65+Z65+AB65 -> 80 | AE65: =G65+I65+K65+M65+O65+Q65+S65+U65+W65+Y65+AA65+AC65 -> 52800
A66: 39 | B66: 4971710619836 | C66: YNXX008 | D66: VISEE | E66: VISEE W MOOD EYES PU-8 | H66: 360 | I66: 277200 | J66: =VLOOKUP(C66,[1]Sheet2!$A:$B,2,0 ) -> 0 | K66: =VLOOKUP(C66,[1]Sheet2!$A:$C,3,0) -> 0 | L66: 115 | M66: 88550 | N66: 76 | O66: 58520 | AD66: =F66+H66+J66+L66+N66+P66+R66+T66+V66+X66+Z66+AB66 -> 551 | AE66: =G66+I66+K66+M66+O66+Q66+S66+U66+W66+Y66+AA66+AC66 -> 424270
A67: 110 | B67: 4971710585285 | C67: MTOM | D67: SEKKISEI | E67: SEKKISEI BRIGHTENING CLEANSING OIL | J67: =VLOOKUP(C67,[1]Sheet2!$A:$B,2,0 ) -> 72 | K67: =VLOOKUP(C67,[1]Sheet2!$A:$C,3,0) -> 25344 | N67: 72 | O67: 25344 | AD67: =F67+H67+J67+L67+N67+P67+R67+T67+V67+X67+Z67+AB67 -> 144 | AE67: =G67+I67+K67+M67+O67+Q67+S67+U67+W67+Y67+AA67+AC67 -> 50688
A68: 294 | B68: 4971710494198 | C68: YNBN304 | D68: VISEE | E68: VISEE EYEBROW PENCIL S BR304 | L68: 57 | M68: 16929 | N68: 72 | O68: 21384 | AD68: =F68+H68+J68+L68+N68+P68+R68+T68+V68+X68+Z68+AB68 -> 129 | AE68: =G68+I68+K68+M68+O68+Q68+S68+U68+W68+Y68+AA68+AC68 -> 38313
A69: 304 | B69: 4971710585292 | C69: MTON | D69: SEKKISEI | E69: SEKKISEI BRIGHTENING FOAM CLEANSER | L69: 12 | M69: 3564 | N69: 72 | O69: 21384 | AD69: =F69+H69+J69+L69+N69+P69+R69+T69+V69+X69+Z69+AB69 -> 84 | AE69: =G69+I69+K69+M69+O69+Q69+S69+U69+W69+Y69+AA69+AC69 -> 24948
A70: 55 | B70: 4971710599978 | C70: MUSN | D70: ONE BY KOSE | E70: ONE BY KOSE SERUM VEIL EMULSION | F70: 36 | G70: 69300 | H70: 35 | I70: 67375 | J70: =VLOOKUP(C70,[1]Sheet2!$A:$B,2,0 ) -> 112 | K70: =VLOOKUP(C70,[1]Sheet2!$A:$C,3,0) -> 215600 | L70: 170 | M70: 327250 | N70: 70 | O70: 134750 | AD70: =F70+H70+J70+L70+N70+P70+R70+T70+V70+X70+Z70+AB70 -> 423 | AE70: =G70+I70+K70+M70+O70+Q70+S70+U70+W70+Y70+AA70+AC70 -> 814275
A71: 276 | B71: 4971710556827 | C71: YNFB001 | D71: VISEE | E71: VISEE GLOW BALM FOUNDATION 01 | L71: 48 | M71: 47520 | N71: 67 | O71: 66330 | AD71: =F71+H71+J71+L71+N71+P71+R71+T71+V71+X71+Z71+AB71 -> 115 | AE71: =G71+I71+K71+M71+O71+Q71+S71+U71+W71+Y71+AA71+AC71 -> 113850
A72: 283 | B72: 4971710494204 | C72: YNBN305 | D72: VISEE | E72: VISEE EYEBROW PENCIL S BR305 | L72: 90 | M72: 26730 | N72: 66 | O72: 19602 | AD72: =F72+H72+J72+L72+N72+P72+R72+T72+V72+X72+Z72+AB72 -> 156 | AE72: =G72+I72+K72+M72+O72+Q72+S72+U72+W72+Y72+AA72+AC72 -> 46332
A73: 157 | B73: 4971710619805 | C73: YNTY008 | D73: VISEE | E73: VISEE LAYERED FLEURI CHEEK BR-8 | J73: =VLOOKUP(C73,[1]Sheet2!$A:$B,2,0 ) -> 40 | K73: =VLOOKUP(C73,[1]Sheet2!$A:$C,3,0) -> 35200 | L73: 90 | M73: 79200 | N73: 61 | O73: 53680 | AD73: =F73+H73+J73+L73+N73+P73+R73+T73+V73+X73+Z73+AB73 -> 191 | AE73: =G73+I73+K73+M73+O73+Q73+S73+U73+W73+Y73+AA73+AC73 -> 168080
A74: 125 | B74: 4971710619737 | C74: YNTY001 | D74: VISEE | E74: VISEE LAYERED FLEURI CHEEK PK-1 | J74: =VLOOKUP(C74,[1]Sheet2!$A:$B,2,0 ) -> 60 | K74: =VLOOKUP(C74,[1]Sheet2!$A:$C,3,0) -> 52800 | L74: 30 | M74: 26400 | N74: 61 | O74: 53680 | AD74: =F74+H74+J74+L74+N74+P74+R74+T74+V74+X74+Z74+AB74 -> 151 | AE74: =G74+I74+K74+M74+O74+Q74+S74+U74+W74+Y74+AA74+AC74 -> 132880
A75: 156 | B75: 4971710619768 | C75: YNTY004 | D75: VISEE | E75: VISEE LAYERED FLEURI CHEEK OR-4 | J75: =VLOOKUP(C75,[1]Sheet2!$A:$B,2,0 ) -> 40 | K75: =VLOOKUP(C75,[1]Sheet2!$A:$C,3,0) -> 35200 | L75: 30 | M75: 26400 | N75: 61 | O75: 53680 | AD75: =F75+H75+J75+L75+N75+P75+R75+T75+V75+X75+Z75+AB75 -> 131 | AE75: =G75+I75+K75+M75+O75+Q75+S75+U75+W75+Y75+AA75+AC75 -> 115280
A76: 168 | B76: 4971710489200 | C76: YNCG010 | D76: VISEE | E76: VISEE LIP & CHEEK CREAM N SP-10 | F76: 30 | G76: 16500 | L76: 535 | M76: 294250 | N76: 60 | O76: 33000 | AD76: =F76+H76+J76+L76+N76+P76+R76+T76+V76+X76+Z76+AB76 -> 625 | AE76: =G76+I76+K76+M76+O76+Q76+S76+U76+W76+Y76+AA76+AC76 -> 343750
A77: 159 | B77: 4971710593013 | C77: YNGD007 | D77: VISEE | E77: VISEE COLOR DUO TRICK CONCEALER 07 | J77: =VLOOKUP(C77,[1]Sheet2!$A:$B,2,0 ) -> 36 | K77: =VLOOKUP(C77,[1]Sheet2!$A:$C,3,0) -> 21780 | L77: 157 | M77: 94985 | N77: 60 | O77: 36300 | AD77: =F77+H77+J77+L77+N77+P77+R77+T77+V77+X77+Z77+AB77 -> 253 | AE77: =G77+I77+K77+M77+O77+Q77+S77+U77+W77+Y77+AA77+AC77 -> 153065
A78: 98 | B78: 4971710621938 | C78: YNRN650 | D78: VISEE | E78: VISEE NENMAKU FAKE ROUGE II RO650 | H78: 80 | I78: 66000 | L78: 97 | M78: 80025 | N78: 60 | O78: 49500 | AD78: =F78+H78+J78+L78+N78+P78+R78+T78+V78+X78+Z78+AB78 -> 237 | AE78: =G78+I78+K78+M78+O78+Q78+S78+U78+W78+Y78+AA78+AC78 -> 195525
A79: 93 | B79: 4971710508840 | C79: YNFF410 | D79: VISEE | E79: VISEE FILTER SKIN FOUNDATION | H79: 23 | I79: 20240 | J79: =VLOOKUP(C79,[1]Sheet2!$A:$B,2,0 ) -> 60 | K79: =VLOOKUP(C79,[1]Sheet2!$A:$C,3,0) -> 52800 | N79: 60 | O79: 52800 | AD79: =F79+H79+J79+L79+N79+P79+R79+T79+V79+X79+Z79+AB79 -> 143 | AE79: =G79+I79+K79+M79+O79+Q79+S79+U79+W79+Y79+AA79+AC79 -> 125840
A80: 120 | B80: 4971710513622 | C80: DXQT002 | D80: FASIO | E80: FASIO EYEBROW PENCIL 02 | H80: 30 | I80: 9060 | J80: =VLOOKUP(C80,[1]Sheet2!$A:$B,2,0 ) -> 30 | K80: =VLOOKUP(C80,[1]Sheet2!$A:$C,3,0) -> 9060 | L80: 16 | M80: 4840 | N80: 60 | O80: 18150 | AD80: =F80+H80+J80+L80+N80+P80+R80+T80+V80+X80+Z80+AB80 -> 136 | AE80: =G80+I80+K80+M80+O80+Q80+S80+U80+W80+Y80+AA80+AC80 -> 41110
A81: 173 | B81: 4971710564907 | C81: DXYI002 | D81: FASIO | E81: FASIO WATERPROOF EYEBROW DROP 02 | J81: =VLOOKUP(C81,[1]Sheet2!$A:$B,2,0 ) -> 30 | K81: =VLOOKUP(C81,[1]Sheet2!$A:$C,3,0) -> 16500 | L81: 36 | M81: 19800 | N81: 60 | O81: 33000 | AD81: =F81+H81+J81+L81+N81+P81+R81+T81+V81+X81+Z81+AB81 -> 126 | AE81: =G81+I81+K81+M81+O81+Q81+S81+U81+W81+Y81+AA81+AC81 -> 69300
A82: 119 | B82: 4971710513714 | C82: DXQX001 | D82: FASIO | E82: FASIO LIQUID EYELINER 01 | F82: 30 | G82: 16500 | H82: 30 | I82: 16500 | N82: 60 | O82: 33000 | AD82: =F82+H82+J82+L82+N82+P82+R82+T82+V82+X82+Z82+AB82 -> 120 | AE82: =G82+I82+K82+M82+O82+Q82+S82+U82+W82+Y82+AA82+AC82 -> 66000
A83: 153 | B83: 4971710580488 | C83: DXJP | D83: FASIO | E83: FASIO QUICK MASCARA REMOVER | F83: 20 | G83: 9240 | J83: =VLOOKUP(C83,[1]Sheet2!$A:$B,2,0 ) -> 20 | K83: =VLOOKUP(C83,[1]Sheet2!$A:$C,3,0) -> 9240 | L83: 16 | M83: 7392 | N83: 60 | O83: 27720 | AD83: =F83+H83+J83+L83+N83+P83+R83+T83+V83+X83+Z83+AB83 -> 116 | AE83: =G83+I83+K83+M83+O83+Q83+S83+U83+W83+Y83+AA83+AC83 -> 53592
A84: 234 | B84: 4971710598520 | C84: YNCO001 | D84: VISEE | E84: VISEE FLUFF DESIGN EYEBROW POWDER 001 | J84: =VLOOKUP(C84,[1]Sheet2!$A:$B,2,0 ) -> 10 | K84: =VLOOKUP(C84,[1]Sheet2!$A:$C,3,0) -> 6600 | L84: 32 | M84: 21120 | N84: 60 | O84: 39600 | AD84: =F84+H84+J84+L84+N84+P84+R84+T84+V84+X84+Z84+AB84 -> 102 | AE84: =G84+I84+K84+M84+O84+Q84+S84+U84+W84+Y84+AA84+AC84 -> 67320
A85: 288 | B85: 4971710513615 | C85: DXQT001 | D85: FASIO | E85: FASIO EYEBROW PENCIL 01 | L85: 38 | M85: 11495 | N85: 60 | O85: 18150 | AD85: =F85+H85+J85+L85+N85+P85+R85+T85+V85+X85+Z85+AB85 -> 98 | AE85: =G85+I85+K85+M85+O85+Q85+S85+U85+W85+Y85+AA85+AC85 -> 29645
A86: 479 | B86: 4971710632422 | C86: YNGW001 | D86: VISEE | E86: VISEE NUANCE DEWY CREATOR CLEAR TYPE BE-1 | N86: =VLOOKUP(C86,'[4]レポート 3'!$D:$E,2,0) -> 60 | O86: =VLOOKUP(C86,'[4]レポート 3'!$D:$F,3,0) -> 42900 | AD86: =F86+H86+J86+L86+N86+P86+R86+T86+V86+X86+Z86+AB86 -> 60 | AE86: =G86+I86+K86+M86+O86+Q86+S86+U86+W86+Y86+AA86+AC86 -> 42900
A87: 480 | B87: 4971710632439 | C87: YNGW002 | D87: VISEE | E87: VISEE NUANCE DEWY CREATOR CLEAR TYPE BE-2 | N87: =VLOOKUP(C87,'[4]レポート 3'!$D:$E,2,0) -> 60 | O87: =VLOOKUP(C87,'[4]レポート 3'!$D:$F,3,0) -> 42900 | AD87: =F87+H87+J87+L87+N87+P87+R87+T87+V87+X87+Z87+AB87 -> 60 | AE87: =G87+I87+K87+M87+O87+Q87+S87+U87+W87+Y87+AA87+AC87 -> 42900
A88: 481 | B88: 4971710632446 | C88: YNGW003 | D88: VISEE | E88: VISEE NUANCE DEWY CREATOR CLEAR TYPE OR-3 | N88: =VLOOKUP(C88,'[4]レポート 3'!$D:$E,2,0) -> 60 | O88: =VLOOKUP(C88,'[4]レポート 3'!$D:$F,3,0) -> 42900 | AD88: =F88+H88+J88+L88+N88+P88+R88+T88+V88+X88+Z88+AB88 -> 60 | AE88: =G88+I88+K88+M88+O88+Q88+S88+U88+W88+Y88+AA88+AC88 -> 42900
A89: 483 | B89: 4971710632460 | C89: YNGW005 | D89: VISEE | E89: VISEE NUANCE DEWY CREATOR CLEAR TYPE PK-5 | N89: =VLOOKUP(C89,'[4]レポート 3'!$D:$E,2,0) -> 60 | O89: =VLOOKUP(C89,'[4]レポート 3'!$D:$F,3,0) -> 42900 | AD89: =F89+H89+J89+L89+N89+P89+R89+T89+V89+X89+Z89+AB89 -> 60 | AE89: =G89+I89+K89+M89+O89+Q89+S89+U89+W89+Y89+AA89+AC89 -> 42900
A90: 484 | B90: 4971710628166 | C90: YNMI001 | D90: VISEE | E90: VISEE MELTY FIT GEL LINER BK001 | N90: =VLOOKUP(C90,'[4]レポート 3'!$D:$E,2,0) -> 60 | O90: =VLOOKUP(C90,'[4]レポート 3'!$D:$F,3,0) -> 36300 | AD90: =F90+H90+J90+L90+N90+P90+R90+T90+V90+X90+Z90+AB90 -> 60 | AE90: =G90+I90+K90+M90+O90+Q90+S90+U90+W90+Y90+AA90+AC90 -> 36300
A91: 485 | B91: 4971710628180 | C91: YNMI332 | D91: VISEE | E91: VISEE MELTY FIT GEL LINER BR332 | N91: =VLOOKUP(C91,'[4]レポート 3'!$D:$E,2,0) -> 60 | O91: =VLOOKUP(C91,'[4]レポート 3'!$D:$F,3,0) -> 36300 | AD91: =F91+H91+J91+L91+N91+P91+R91+T91+V91+X91+Z91+AB91 -> 60 | AE91: =G91+I91+K91+M91+O91+Q91+S91+U91+W91+Y91+AA91+AC91 -> 36300
A92: 486 | B92: 4971710628197 | C92: YNMI430 | D92: VISEE | E92: VISEE MELTY FIT GEL LINER RD430 | N92: =VLOOKUP(C92,'[4]レポート 3'!$D:$E,2,0) -> 60 | O92: =VLOOKUP(C92,'[4]レポート 3'!$D:$F,3,0) -> 36300 | AD92: =F92+H92+J92+L92+N92+P92+R92+T92+V92+X92+Z92+AB92 -> 60 | AE92: =G92+I92+K92+M92+O92+Q92+S92+U92+W92+Y92+AA92+AC92 -> 36300
A93: 487 | B93: 4971710628203 | C93: YNMI830 | D93: VISEE | E93: VISEE MELTY FIT GEL LINER PK830 | N93: =VLOOKUP(C93,'[4]レポート 3'!$D:$E,2,0) -> 60 | O93: =VLOOKUP(C93,'[4]レポート 3'!$D:$F,3,0) -> 36300 | AD93: =F93+H93+J93+L93+N93+P93+R93+T93+V93+X93+Z93+AB93 -> 60 | AE93: =G93+I93+K93+M93+O93+Q93+S93+U93+W93+Y93+AA93+AC93 -> 36300
A94: 488 | B94: 4971710628210 | C94: YNMI831 | D94: VISEE | E94: VISEE MELTY FIT GEL LINER BE831 | N94: =VLOOKUP(C94,'[4]レポート 3'!$D:$E,2,0) -> 60 | O94: =VLOOKUP(C94,'[4]レポート 3'!$D:$F,3,0) -> 36300 | AD94: =F94+H94+J94+L94+N94+P94+R94+T94+V94+X94+Z94+AB94 -> 60 | AE94: =G94+I94+K94+M94+O94+Q94+S94+U94+W94+Y94+AA94+AC94 -> 36300
A95: 299 | B95: 4971710513639 | C95: DXQT003 | D95: FASIO | E95: FASIO EYEBROW PENCIL 03 | N95: 60 | O95: 18150 | AD95: =F95+H95+J95+L95+N95+P95+R95+T95+V95+X95+Z95+AB95 -> 60 | AE95: =G95+I95+K95+M95+O95+Q95+S95+U95+W95+Y95+AA95+AC95 -> 18150
A96: 129 | B96: 4971710557725 | C96: DXJC003 | D96: FASIO | E96: FASIO AIRY STAY BB TINT UV 03 | F96: 50 | G96: 33000 | L96: 8 | M96: 5280 | N96: 56 | O96: 36960 | AD96: =F96+H96+J96+L96+N96+P96+R96+T96+V96+X96+Z96+AB96 -> 114 | AE96: =G96+I96+K96+M96+O96+Q96+S96+U96+W96+Y96+AA96+AC96 -> 75240
A97: 198 | B97: 4971710270389 | C97: BADI | D97: INFINITY | E97: INFINITY KOSE POWDER FOUNDATION CASE | H97: 10 | I97: 8250 | J97: =VLOOKUP(C97,[1]Sheet2!$A:$B,2,0 ) -> 10 | K97: =VLOOKUP(C97,[1]Sheet2!$A:$C,3,0) -> 8250 | N97: 55 | O97: 45375 | AD97: =F97+H97+J97+L97+N97+P97+R97+T97+V97+X97+Z97+AB97 -> 75 | AE97: =G97+I97+K97+M97+O97+Q97+S97+U97+W97+Y97+AA97+AC97 -> 61875
A98: 54 | B98: 4971710249651 | C98: BALI | D98: INFINITY | E98: INFINITY KOSE BEAUTY LIP SERUM | H98: 110 | I98: 90750 | J98: =VLOOKUP(C98,[1]Sheet2!$A:$B,2,0 ) -> 80 | K98: =VLOOKUP(C98,[1]Sheet2!$A:$C,3,0) -> 66000 | N98: 50 | O98: 41250 | AD98: =F98+H98+J98+L98+N98+P98+R98+T98+V98+X98+Z98+AB98 -> 240 | AE98: =G98+I98+K98+M98+O98+Q98+S98+U98+W98+Y98+AA98+AC98 -> 198000
A99: 121 | B99: 4971710566147 | C99: DXYX002 | D99: FASIO | E99: FASIO WATERPROOF EYEBROW SLIM 02 | H99: 30 | I99: 16500 | J99: =VLOOKUP(C99,[1]Sheet2!$A:$B,2,0 ) -> 30 | K99: =VLOOKUP(C99,[1]Sheet2!$A:$C,3,0) -> 16500 | L99: 28 | M99: 15400 | N99: 50 | O99: 27500 | AD99: =F99+H99+J99+L99+N99+P99+R99+T99+V99+X99+Z99+AB99 -> 138 | AE99: =G99+I99+K99+M99+O99+Q99+S99+U99+W99+Y99+AA99+AC99 -> 75900
A100: 122 | B100: 4971710513684 | C100: DXQY002 | D100: FASIO | E100: FASIO PENCIL EYELINER 02 | H100: 30 | I100: 16500 | J100: =VLOOKUP(C100,[1]Sheet2!$A:$B,2,0 ) -> 30 | K100: =VLOOKUP(C100,[1]Sheet2!$A:$C,3,0) -> 16500 | L100: 28 | M100: 15400 | N100: 50 | O100: 27500 | AD100: =F100+H100+J100+L100+N100+P100+R100+T100+V100+X100+Z100+AB100 -> 138 | AE100: =G100+I100+K100+M100+O100+Q100+S100+U100+W100+Y100+AA100+AC100 -> 75900
...

Sheet ブランド別実績
A1: 1月 | G1: 年間トータル
A2: ブランド | B2: 数量 | C2: 構成比 | D2: 金額 | E2: 構成比 | G2: ブランド | H2: 数量 | I2: 構成比 | J2: 金額 | K2: 構成比
A3: VISEE | B3: =SUMIF('2026累計'!D:D,ブランド別実績!A3,'2026累計'!F:F) -> 870 | C3: =B3/$B$10 -> 0.011272642 | D3: =SUMIF('2026累計'!D:D,ブランド別実績!A3,'2026累計'!G:G) -> 622875 | E3: =D3/$D$10 -> 0.0093848672 | G3: VISEE | H3: =SUMIF('2026累計'!D:D,ブランド別実績!G3,'2026累計'!AD:AD) -> 25748 | I3: =H3/$B$10 -> 0.33361839 | J3: =SUMIF('2026累計'!D:D,ブランド別実績!G3,'2026累計'!AE:AE) -> 18220170 | K3: =J3/$D$10 -> 0.27452358
A4: FASIO | B4: =SUMIF('2026累計'!D:D,ブランド別実績!A4,'2026累計'!F:F) -> 1290 | C4: =B4/$B$10 -> 0.016714608 | D4: =SUMIF('2026累計'!D:D,ブランド別実績!A4,'2026累計'!G:G) -> 806180 | E4: =D4/$D$10 -> 0.012146727 | G4: FASIO | H4: =SUMIF('2026累計'!D:D,ブランド別実績!G4,'2026累計'!AD:AD) -> 7962 | I4: =H4/$B$10 -> 0.10316411 | J4: =SUMIF('2026累計'!D:D,ブランド別実績!G4,'2026累計'!AE:AE) -> 5071117 | K4: =J4/$D$10 -> 0.076406598
A5: ONE BY KOSE | B5: =SUMIF('2026累計'!D:D,ブランド別実績!A5,'2026累計'!F:F) -> 16674 | C5: =B5/$B$10 -> 0.21604602 | D5: =SUMIF('2026累計'!D:D,ブランド別実績!A5,'2026累計'!G:G) -> 23078830 | E5: =D5/$D$10 -> 0.34772909 | G5: ONE BY KOSE | H5: =SUMIF('2026累計'!D:D,ブランド別実績!G5,'2026累計'!AD:AD) -> 71109 | I5: =H5/$B$10 -> 0.9213636 | J5: =SUMIF('2026累計'!D:D,ブランド別実績!G5,'2026累計'!AE:AE) -> 131816910 | K5: =J5/$D$10 -> 1.9860874
A6: MKM | B6: =SUMIF('2026累計'!D:D,ブランド別実績!A6,'2026累計'!F:F) -> 49808 | C6: =B6/$B$10 -> 0.64536526 | D6: =SUMIF('2026累計'!D:D,ブランド別実績!A6,'2026累計'!G:G) -> 35564320 | E6: =D6/$D$10 -> 0.53584816 | G6: MKM | H6: =SUMIF('2026累計'!D:D,ブランド別実績!G6,'2026累計'!AD:AD) -> 206601 | I6: =H6/$B$10 -> 2.6769416 | J6: =SUMIF('2026累計'!D:D,ブランド別実績!G6,'2026累計'!AE:AE) -> 146527430 | K6: =J6/$D$10 -> 2.2077311
A7: CCS | B7: =SUMIF('2026累計'!D:D,ブランド別実績!A7,'2026累計'!F:F) -> 7152 | C7: =B7/$B$10 -> 0.092668895 | D7: =SUMIF('2026累計'!D:D,ブランド別実績!A7,'2026累計'!G:G) -> 3529680 | E7: =D7/$D$10 -> 0.053181743 | G7: CCS | H7: =SUMIF('2026累計'!D:D,ブランド別実績!G7,'2026累計'!AD:AD) -> 15115 | I7: =H7/$B$10 -> 0.19584597 | J7: =SUMIF('2026累計'!D:D,ブランド別実績!G7,'2026累計'!AE:AE) -> 8073725 | K7: =J7/$D$10 -> 0.12164694
A8: SEKKISEI | B8: =SUMIF('2026累計'!D:D,ブランド別実績!A8,'2026累計'!F:F) -> 1284 | C8: =B8/$B$10 -> 0.016636865 | D8: =SUMIF('2026累計'!D:D,ブランド別実績!A8,'2026累計'!G:G) -> 2680260 | E8: =D8/$D$10 -> 0.040383519 | G8: SEKKISEI | H8: =SUMIF('2026累計'!D:D,ブランド別実績!G8,'2026累計'!AD:AD) -> 16532 | I8: =H8/$B$10 -> 0.21420612 | J8: =SUMIF('2026累計'!D:D,ブランド別実績!G8,'2026累計'!AE:AE) -> 36130567 | K8: =J8/$D$10 -> 0.54437981
A9: INFINITY | B9: =SUMIF('2026累計'!D:D,ブランド別実績!A9,'2026累計'!F:F) -> 100 | C9: =B9/$B$10 -> 0.001295706 | D9: =SUMIF('2026累計'!D:D,ブランド別実績!A9,'2026累計'!G:G) -> 88000 | E9: =D9/$D$10 -> 0.0013258974 | G9: INFINITY | H9: =SUMIF('2026累計'!D:D,ブランド別実績!G9,'2026累計'!AD:AD) -> 1395 | I9: =H9/$B$10 -> 0.018075099 | J9: =SUMIF('2026累計'!D:D,ブランド別実績!G9,'2026累計'!AE:AE) -> 2930345 | K9: =J9/$D$10 -> 0.044151553
A10: 合計 | B10: =SUM(B3:B9) -> 77178 | C10: =B10/$B$10 -> 1 | D10: =SUM(D3:D9) -> 66370145 | E10: =D10/$D$10 -> 1 | G10: 合計 | H10: =SUM(H3:H9) -> 344462 | I10: =H10/$B$10 -> 4.4632149 | J10: =SUM(J3:J9) -> 348770264 | K10: =J10/$D$10 -> 5.254927
A12: 2月
A13: ブランド | B13: 数量 | C13: 構成比 | D13: 金額 | E13: 構成比
A14: VISEE | B14: =SUMIF('2026累計'!D:D,ブランド別実績!A14,'2026累計'!H:H) -> 6580 | C14: =B14/$B$10 -> 0.085257457 | D14: =SUMIF('2026累計'!D:D,ブランド別実績!A14,'2026累計'!I:I) -> 4788422 | E14: =D14/$D$10 -> 0.072147228
A15: FASIO | B15: =SUMIF('2026累計'!D:D,ブランド別実績!A15,'2026累計'!H:H) -> 1230 | C15: =B15/$B$10 -> 0.015937184 | D15: =SUMIF('2026累計'!D:D,ブランド別実績!A15,'2026累計'!I:I) -> 752920 | E15: =D15/$D$10 -> 0.011344257
A16: ONE BY KOSE | B16: =SUMIF('2026累計'!D:D,ブランド別実績!A16,'2026累計'!H:H) -> 24412 | C16: =B16/$B$10 -> 0.31630776 | D16: =SUMIF('2026累計'!D:D,ブランド別実績!A16,'2026累計'!I:I) -> 41886680 | E16: =D16/$D$10 -> 0.63110725
A17: MKM | B17: =SUMIF('2026累計'!D:D,ブランド別実績!A17,'2026累計'!H:H) -> 10141 | C17: =B17/$B$10 -> 0.13139755 | D17: =SUMIF('2026累計'!D:D,ブランド別実績!A17,'2026累計'!I:I) -> 7143295 | E17: =D17/$D$10 -> 0.10762814
A18: CCS | B18: =SUMIF('2026累計'!D:D,ブランド別実績!A18,'2026累計'!H:H) -> 1030 | C18: =B18/$B$10 -> 0.013345772 | D18: =SUMIF('2026累計'!D:D,ブランド別実績!A18,'2026累計'!I:I) -> 516450 | E18: =D18/$D$10 -> 0.0077813601
A19: SEKKISEI | B19: =SUMIF('2026累計'!D:D,ブランド別実績!A19,'2026累計'!H:H) -> 3233 | C19: =B19/$B$10 -> 0.041890176 | D19: =SUMIF('2026累計'!D:D,ブランド別実績!A19,'2026累計'!I:I) -> 7390570 | E19: =D19/$D$10 -> 0.11135383
A20: INFINITY | B20: =SUMIF('2026累計'!D:D,ブランド別実績!A20,'2026累計'!H:H) -> 506 | C20: =B20/$B$10 -> 0.0065562725 | D20: =SUMIF('2026累計'!D:D,ブランド別実績!A20,'2026累計'!I:I) -> 1157915 | E20: =D20/$D$10 -> 0.017446323
A21: 合計 | B21: =SUM(B14:B20) -> 47132 | C21: =B21/$B$10 -> 0.61069217 | D21: =SUM(D14:D20) -> 63636252 | E21: =D21/$D$10 -> 0.95880839
A23: 3月
A24: ブランド | B24: 数量 | C24: 構成比 | D24: 金額 | E24: 構成比
A25: VISEE | B25: =SUMIF('2026累計'!D:D,ブランド別実績!A25,'2026累計'!J:J) -> 5264 | C25: =B25/$B$10 -> 0.068205965 | D25: =SUMIF('2026累計'!D:D,ブランド別実績!A25,'2026累計'!K:K) -> 3778390 | E25: =D25/$D$10 -> 0.05692906
A26: FASIO | B26: =SUMIF('2026累計'!D:D,ブランド別実績!A26,'2026累計'!J:J) -> 1616 | C26: =B26/$B$10 -> 0.020938609 | D26: =SUMIF('2026累計'!D:D,ブランド別実績!A26,'2026累計'!K:K) -> 1076870 | E26: =D26/$D$10 -> 0.016225217
A27: MKM | B27: =SUMIF('2026累計'!D:D,ブランド別実績!A27,'2026累計'!J:J) -> 18816 | C27: =B27/$B$10 -> 0.24380005 | D27: =SUMIF('2026累計'!D:D,ブランド別実績!A27,'2026累計'!K:K) -> 13260258 | E27: =D27/$D$10 -> 0.19979251
A28: CCS | B28: =SUMIF('2026累計'!D:D,ブランド別実績!A28,'2026累計'!J:J) -> 1143 | C28: =B28/$B$10 -> 0.01480992 | D28: =SUMIF('2026累計'!D:D,ブランド別実績!A28,'2026累計'!K:K) -> 586245 | E28: =D28/$D$10 -> 0.0088329625
A29: ONE BY KOSE | B29: =SUMIF('2026累計'!D:D,ブランド別実績!A29,'2026累計'!J:J) -> 13421 | C29: =B29/$B$10 -> 0.17389671 | D29: =SUMIF('2026累計'!D:D,ブランド別実績!A29,'2026累計'!K:K) -> 27736940 | E29: =D29/$D$10 -> 0.4179129
A30: SEKKISEI | B30: =SUMIF('2026累計'!D:D,ブランド別実績!A30,'2026累計'!J:J) -> 6740 | C30: =B30/$B$10 -> 0.087330586 | D30: =SUMIF('2026累計'!D:D,ブランド別実績!A30,'2026累計'!K:K) -> 14504193 | E30: =D30/$D$10 -> 0.2185349
A31: INFINITY | B31: =SUMIF('2026累計'!D:D,ブランド別実績!A31,'2026累計'!J:J) -> 349 | C31: =B31/$B$10 -> 0.004522014 | D31: =SUMIF('2026累計'!D:D,ブランド別実績!A31,'2026累計'!K:K) -> 679140 | E31: =D31/$D$10 -> 0.010232613
A32: 合計 | B32: =SUM(B25:B31) -> 47349 | C32: =B32/$B$10 -> 0.61350385 | D32: =SUM(D25:D31) -> 61622036 | E32: =D32/$D$10 -> 0.92846017
A34: 4月
A35: ブランド | B35: 数量 | C35: 構成比 | D35: 金額 | E35: 構成比
A36: VISEE | B36: =SUMIF('2026累計'!D:D,ブランド別実績!A36,'2026累計'!L:L) -> 7106 | C36: =B36/$B$10 -> 0.092072871 | D36: =SUMIF('2026累計'!D:D,ブランド別実績!A36,'2026累計'!M:M) -> 4816768 | E36: =D36/$D$10 -> 0.072574318
A37: FASIO | B37: =SUMIF('2026累計'!D:D,ブランド別実績!A37,'2026累計'!L:L) -> 1675 | C37: =B37/$B$10 -> 0.021703076 | D37: =SUMIF('2026累計'!D:D,ブランド別実績!A37,'2026累計'!M:M) -> 1126367 | E37: =D37/$D$10 -> 0.016970989
A38: MKM | B38: =SUMIF('2026累計'!D:D,ブランド別実績!A38,'2026累計'!L:L) -> 37847 | C38: =B38/$B$10 -> 0.49038586 | D38: =SUMIF('2026累計'!D:D,ブランド別実績!A38,'2026累計'!M:M) -> 26898630 | E38: =D38/$D$10 -> 0.40528207
A39: CCS | B39: =SUMIF('2026累計'!D:D,ブランド別実績!A39,'2026累計'!L:L) -> 4070 | C39: =B39/$B$10 -> 0.052735235 | D39: =SUMIF('2026累計'!D:D,ブランド別実績!A39,'2026累計'!M:M) -> 2580050 | E39: =D39/$D$10 -> 0.038873653
A40: ONE BY KOSE | B40: =SUMIF('2026累計'!D:D,ブランド別実績!A40,'2026累計'!L:L) -> 12206 | C40: =B40/$B$10 -> 0.15815388 | D40: =SUMIF('2026累計'!D:D,ブランド別実績!A40,'2026累計'!M:M) -> 26945490 | E40: =D40/$D$10 -> 0.40598811
A41: SEKKISEI | B41: =SUMIF('2026累計'!D:D,ブランド別実績!A41,'2026累計'!L:L) -> 2066 | C41: =B41/$B$10 -> 0.026769287 | D41: =SUMIF('2026累計'!D:D,ブランド別実績!A41,'2026累計'!M:M) -> 4831761 | E41: =D41/$D$10 -> 0.072800218
A42: INFINITY | B42: =SUMIF('2026累計'!D:D,ブランド別実績!A42,'2026累計'!L:L) -> 36 | C42: =B42/$B$10 -> 0.00046645417 | D42: =SUMIF('2026累計'!D:D,ブランド別実績!A42,'2026累計'!M:M) -> 87450 | E42: =D42/$D$10 -> 0.0013176105
A43: 合計 | B43: =SUM(B36:B42) -> 65006 | C43: =B43/$B$10 -> 0.84228666 | D43: =SUM(D36:D42) -> 67286516 | E43: =D43/$D$10 -> 1.013807
A45: 5月
A46: ブランド | B46: 数量 | C46: 構成比 | D46: 金額 | E46: 構成比
A47: VISEE | B47: =SUMIF('2026累計'!D:D,ブランド別実績!A47,'2026累計'!N:N) -> 5928 | C47: =B47/$B$10 -> 0.076809453 | D47: =SUMIF('2026累計'!D:D,ブランド別実績!A47,'2026累計'!O:O) -> 4213715 | E47: =D47/$D$10 -> 0.063488109
A48: FASIO | B48: =SUMIF('2026累計'!D:D,ブランド別実績!A48,'2026累計'!N:N) -> 2151 | C48: =B48/$B$10 -> 0.027870637 | D48: =SUMIF('2026累計'!D:D,ブランド別実績!A48,'2026累計'!O:O) -> 1308780 | E48: =D48/$D$10 -> 0.019719408
A49: MKM | B49: =SUMIF('2026累計'!D:D,ブランド別実績!A49,'2026累計'!N:N) -> 89989 | C49: =B49/$B$10 -> 1.1659929 | D49: =SUMIF('2026累計'!D:D,ブランド別実績!A49,'2026累計'!O:O) -> 63660927 | E49: =D49/$D$10 -> 0.95918017
A50: CCS | B50: =SUMIF('2026累計'!D:D,ブランド別実績!A50,'2026累計'!N:N) -> 1720 | C50: =B50/$B$10 -> 0.022286144 | D50: =SUMIF('2026累計'!D:D,ブランド別実績!A50,'2026累計'!O:O) -> 861300 | E50: =D50/$D$10 -> 0.01297722
A51: ONE BY KOSE | B51: =SUMIF('2026累計'!D:D,ブランド別実績!A51,'2026累計'!N:N) -> 4396 | C51: =B51/$B$10 -> 0.056959237 | D51: =SUMIF('2026累計'!D:D,ブランド別実績!A51,'2026累計'!O:O) -> 12168970 | E51: =D51/$D$10 -> 0.18335006
A52: SEKKISEI | B52: =SUMIF('2026累計'!D:D,ブランド別実績!A52,'2026累計'!N:N) -> 3209 | C52: =B52/$B$10 -> 0.041579207 | D52: =SUMIF('2026累計'!D:D,ブランド別実績!A52,'2026累計'!O:O) -> 6723783 | E52: =D52/$D$10 -> 0.10130734
A53: INFINITY | B53: =SUMIF('2026累計'!D:D,ブランド別実績!A53,'2026累計'!N:N) -> 404 | C53: =B53/$B$10 -> 0.0052346524 | D53: =SUMIF('2026累計'!D:D,ブランド別実績!A53,'2026累計'!O:O) -> 917840 | E53: =D53/$D$10 -> 0.013829109
A54: 合計 | B54: =SUM(B47:B53) -> 107797 | C54: =B54/$B$10 -> 1.3967322 | D54: =SUM(D47:D53) -> 89855315 | E54: =D54/$D$10 -> 1.3538514
Q206: =SUM(Q207:Q213) -> 0

Sheet ブランド別売上推移
O1: 単位：千円
A2: ブランド | B2: 2024 | H2: 2025 | O2: 合計
B3: 7月 | C3: 8月 | D3: 9月 | E3: 10月 | F3: 11月 | G3: 12月 | H3: 1月 | I3: 2月 | J3: 3月 | K3: 4月 | L3: 5月 | M3: 6月 | N3: 7月 | O3: 金額 | P3: 構成比
A4: MAKE KEEP | B4: 0 | C4: 501.6 | D4: 128.7 | E4: 120.34 | F4: 729.96 | G4: 126.5 | H4: 2071.08 | I4: 2502.94 | J4: 5663.68 | K4: 11088.88 | L4: 21080.84 | M4: 11433.306 | N4: 29359.902 | O4: =SUM(B4:N4) -> 84807.728 | P4: =O4/$O$10 -> 0.3121872
A5: CURL KEEP | B5: 0 | C5: 20.35 | D5: 14.85 | E5: 0 | F5: 273.24 | G5: 0 | H5: 1438.8 | I5: 1485 | J5: 70.4 | K5: 1078 | L5: 24.75 | M5: 0 | N5: 1889.25 | O5: =SUM(B5:N5) -> 6294.64 | P5: =O5/$O$10 -> 0.023171308
A6: FASIO | B6: 73.48 | C6: 451.78 | D6: 290.895 | E6: 564.44 | F6: 967.005 | G6: 324.65 | H6: 2021.557 | I6: 474.813 | J6: 420.932 | K6: 955.094 | L6: 1416.264 | M6: 230.406 | N6: 1344.808 | O6: =SUM(B6:N6) -> 9536.124 | P6: =O6/$O$10 -> 0.035103591
A7: ONE BY KOSE | B7: 528 | C7: 1771.275 | D7: 953.15 | E7: 1702.25 | F7: 4365.955 | G7: 5857.665 | H7: 19166.455 | I7: 12896.51 | J7: 7596.765 | K7: 11935.165 | L7: 34265.88 | M7: 6872.69 | N7: 13735.425 | O7: =SUM(B7:N7) -> 121647.19 | P7: =O7/$O$10 -> 0.44779756
A8: SEK BRIGHTENING | B8: 0 | C8: 0 | D8: 0 | E8: 0 | F8: 0 | G8: 0 | H8: 0 | I8: 0 | J8: 0 | K8: 0 | L8: 6288.425 | M8: 136.4 | N8: 1681.68 | O8: =SUM(B8:N8) -> 8106.505 | P8: =O8/$O$10 -> 0.029840996
A9: VISEE | B9: 2357.41 | C9: 1181.395 | D9: 1575.71 | E9: 3389.507 | F9: 4320.283 | G9: 1056.165 | H9: 6192.714 | I9: 6153.237 | J9: 3436.32 | K9: 3260.914 | L9: 3393.499 | M9: 2465.525 | N9: 2481.788 | O9: =SUM(B9:N9) -> 41264.467 | P9: =O9/$O$10 -> 0.15189934
A10: TTL | B10: =SUM(B4:B9) -> 2958.89 | C10: =SUM(C4:C9) -> 3926.4 | D10: =SUM(D4:D9) -> 2963.305 | E10: =SUM(E4:E9) -> 5776.537 | F10: =SUM(F4:F9) -> 10656.443 | G10: =SUM(G4:G9) -> 7364.98 | H10: =SUM(H4:H9) -> 30890.606 | I10: =SUM(I4:I9) -> 23512.5 | ... O10: =SUM(O4:O9) -> 271656.65 | P10: =O10/$O$10 -> 1
C14: 501600 | D14: 128700 | E14: 120340 | F14: 729960 | G14: 126500 | H14: 2071080 | I14: 2502940 | J14: 5663680 | K14: 11088880 | L14: 21080840 | M14: 11433306 | N14: 29359902
C15: 20350 | D15: 14850 | F15: 273240 | H15: 1438800 | I15: 1485000 | J15: 70400 | K15: 1078000 | L15: 24750 | N15: 1889250
C17: =C14/1000 -> 501.6 | D17: =D14/1000 -> 128.7 | E17: =E14/1000 -> 120.34 | F17: =F14/1000 -> 729.96 | G17: =G14/1000 -> 126.5 | H17: =H14/1000 -> 2071.08 | I17: =I14/1000 -> 2502.94 | J17: =J14/1000 -> 5663.68 | ... N17: =N14/1000 -> 29359.902 | O17: =SUM(C17:N17) -> 84807.728
C18: =C15/1000 -> 20.35 | D18: =D15/1000 -> 14.85 | E18: =E15/1000 -> 0 | F18: =F15/1000 -> 273.24 | G18: =G15/1000 -> 0 | H18: =H15/1000 -> 1438.8 | I18: =I15/1000 -> 1485 | J18: =J15/1000 -> 70.4 | ... N18: =N15/1000 -> 1889.25 | O18: =SUM(C18:N18) -> 6294.64

Sheet アイテム別売上推移
A1: No. | B1: 商品符号 | C1: 商品名称 | D1: 2025年1~9月累計
D2: 数量 | E2: 構成比 | F2: 金額（千円） | G2: 構成比
A3: 1 | B3: DLEA | C3: MAKE KEEP MIST EX + | D3: 165812 | E3: =D3/$D$14 -> 0.38453529 | F3: 109435.92 | G3: =F3/$F$14 -> 0.24681197
A4: 2 | B4: MUSC | C4: ONE BY KOSE SERUM SHIELD | D4: 37000 | E4: =D4/$D$14 -> 0.085806851 | F4: 101750 | G4: =F4/$F$14 -> 0.22947783
A5: 3 | B5: MUCI | C5: ONE BY KOSE PORE CLEAR OIL（Refill） | D5: 34332 | E5: =D5/$D$14 -> 0.079619481 | F5: 28323.9 | G5: =F5/$F$14 -> 0.063879186
A6: 4 | B6: DLFP | C6: MAKE KEEP POWDER ＥＸ | D6: 23462 | E6: =D6/$D$14 -> 0.05441082 | F6: 16259.166 | G6: =F6/$F$14 -> 0.036669466
A7: 5 | B7: DLIB | C7: CURL KEEP MAGIC | D7: 18400 | E7: =D7/$D$14 -> 0.042671515 | F7: 9108 | G7: =F7/$F$14 -> 0.020541367
A8: 6 | B8: DLCE | C8: MAKE KEEP PRIMER COOL | D8: 7800 | E8: =D8/$D$14 -> 0.018089012 | F8: 5148 | G8: =F8/$F$14 -> 0.011610338
A9: 7 | B9: DLCH | C9: MAKE KEEP MIST EX + SAKURA CHERRY | D9: 6700 | E9: =D9/$D$14 -> 0.015537997 | F9: 4422 | G9: =F9/$F$14 -> 0.0099729825
A10: 8 | B10: DLCC | C10: MAKE KEEP MIST EX + COOL | D10: 6456 | E10: =D10/$D$14 -> 0.014972136 | F10: 4260.96 | G10: =F10/$F$14 -> 0.0096097873
A11: 9 | B11: YNRE001 | C11: VISEE ESSENCE LIP PLUMPER SP001 | D11: 6357 | E11: =D11/$D$14 -> 0.014742545 | F11: 4545.255 | G11: =F11/$F$14 -> 0.010250961
A12: 10 | B12: MUCF | C12: ONE BY KOSE PORE CLEAR SCRUB WASH | D12: 5698 | E12: =D12/$D$14 -> 0.013214255 | F12: 5641.02 | G12: =F12/$F$14 -> 0.012722251
A13: 11 | B13: 11位以下 | D13: =D14-SUM(D3:D12) -> 119184 | E13: =D13/$D$14 -> 0.2764001 | F13: =F14-SUM(F3:F12) -> 154503.73 | G13: =F13/$F$14 -> 0.34845386
A14: TTL | C14: 合計 | D14: 431201 | E14: =D14/$D$14 -> 1 | F14: 443397.95 | G14: =F14/$F$14 -> 1

Sheet 月別実績
A2: 単位：千円 | B2: 2024 | H2: 2025 | O2: 合計
B3: 7月 | C3: 8月 | D3: 9月 | E3: 10月 | F3: 11月 | G3: 12月 | H3: 1月 | I3: 2月 | J3: 3月 | K3: 4月 | L3: 5月 | M3: 6月 | N3: 7月
A4: UNQ売上 TTL | B4: 6619.635 | C4: 5543.895 | D4: 5423.895 | E4: 12794.087 | F4: 15671.343 | G4: 7639.98 | H4: 30890.61 | I4: 23512.5 | J4: 17188.097 | K4: 28318.053 | L4: 68893.673 | M4: 29626.972 | N4: 50492.853 | O4: =SUM(B4:N4) -> 302615.59
A5: WeChat売上 | B5: 2958.89 | C5: 3926.4 | D5: 2963.305 | E5: 5776.537 | F5: 10656.443 | G5: 7364.98 | H5: 30890.606 | I5: 23512.5 | J5: 17188.097 | K5: 28318.053 | L5: 66469.658 | M5: 21138.327 | N5: 50492.853 | O5: 292863.28
A6: その他 | B6: =B4-B5 -> 3660.745 | C6: =C4-C5 -> 1617.495 | D6: =D4-D5 -> 2460.59 | E6: =E4-E5 -> 7017.55 | F6: =F4-F5 -> 5014.9 | G6: =G4-G5 -> 275 | H6: =H4-H5 -> 0.004 | I6: =I4-I5 -> 0 | ... O6: =O4-O5 -> 9752.309
A7: WeChat構成比 | B7: =B5/B4 -> 0.44698688 | C7: =C5/C4 -> 0.70823852 | D7: =D5/D4 -> 0.54634262 | E7: =E5/E4 -> 0.45150053 | F7: =F5/F4 -> 0.67999552 | G7: =G5/G4 -> 0.96400514 | H7: =H5/H4 -> 0.99999987 | I7: =I5/I4 -> 1 | ... O7: =O5/O4 -> 0.96777328

Sheet top10
A1: 1月 | G1: 累計
A2: No. | B2: 商品符号 | C2: 商品名称 | D2: 合計 | G2: No. | H2: 商品符号 | I2: 商品名称 | J2: 合計
D3: 数量 | E3: 金額 | J3: 数量 | K3: 金額
A4: 1 | B4: DLCK | C4: MAKE KEEP MIST EX + FF | D4: 28800 | E4: 20592000 | G4: 1 | H4: DLCK | I4: MAKE KEEP MIST EX + FF | J4: 28800 | K4: 20592000
A5: 2 | B5: DLEA | C5: MAKE KEEP MIST EX + | D5: 20808 | E5: 14877720 | G5: 2 | H5: DLEA | I5: MAKE KEEP MIST EX + | J5: 20808 | K5: 14877720
A6: 3 | B6: DLIB | C6: CURL KEEP MAGIC | D6: 6960 | E6: 3445200 | G6: 3 | H6: DLIB | I6: CURL KEEP MAGIC | J6: 6960 | K6: 3445200
A7: 4 | B7: MUCI | C7: ONE BY KOSE PORE CLEAR OIL（Refill） | D7: 6000 | E7: 4950000 | G7: 4 | H7: MUCI | I7: ONE BY KOSE PORE CLEAR OIL（Refill） | J7: 6000 | K7: 4950000
A8: 5 | B8: MUCF | C8: ONE BY KOSE PORE CLEAR SCRUB WASH | D8: 5500 | E8: 5445000 | G8: 5 | H8: MUCF | I8: ONE BY KOSE PORE CLEAR SCRUB WASH | J8: 5500 | K8: 5445000
A9: 6 | B9: MUSC | C9: ONE BY KOSE SERUM SHIELD | D9: 1680 | E9: 4989600 | G9: 6 | H9: MUSC | I9: ONE BY KOSE SERUM SHIELD | J9: 1680 | K9: 4989600
A10: 7 | B10: MUCH | C10: ONE BY KOSE PORE CLEAR OIL | D10: 1606 | E10: 1589940 | G10: 7 | H10: MUCH | I10: ONE BY KOSE PORE CLEAR OIL | J10: 1606 | K10: 1589940
A11: 8 | B11: MUXD | C11: ONE BY KOSE SERUM VEIL DEEP REPAIR | D11: 572 | E11: 2831400 | G11: 8 | H11: MUXD | I11: ONE BY KOSE SERUM VEIL DEEP REPAIR | J11: 572 | K11: 2831400
A12: 9 | B12: MTSW | C12: SEKKISEI BRIGHTENING ESSENCE LOTION | D12: 480 | E12: 1293600 | G12: 9 | H12: MTSW | I12: SEKKISEI BRIGHTENING ESSENCE LOTION | J12: 480 | K12: 1293600
A13: 10 | B13: DXPO000 | C13: FASIO PORE SMOOTH PRIMER 00 | D13: 220 | E13: 108900 | G13: 10 | H13: DXPO000 | I13: FASIO PORE SMOOTH PRIMER 00 | J13: 220 | K13: 108900
A15: ２月 | G15: 累計
A16: No. | B16: 商品符号 | C16: 商品名称 | D16: 合計 | G16: No. | H16: 商品符号 | I16: 商品名称 | J16: 合計
D17: 数量 | E17: 金額 | J17: 数量 | K17: 金額
A18: 1 | B18: MUCF | C18: ONE BY KOSE PORE CLEAR SCRUB WASH | D18: 14008 | E18: 13867920 | G18: 1 | H18: DLEA | I18: MAKE KEEP MIST EX + | J18: 29808 | K18: 21312720
A19: 2 | B19: DLEA | C19: MAKE KEEP MIST EX + | D19: 9000 | E19: 6435000 | G19: 2 | H19: DLCK | I19: MAKE KEEP MIST EX + FF | J19: 28800 | K19: 20592000
A20: 3 | B20: MUSC | C20: ONE BY KOSE SERUM SHIELD | D20: 5000 | E20: 14850000 | G20: 3 | H20: MUCF | I20: ONE BY KOSE PORE CLEAR SCRUB WASH | J20: 19508 | K20: 19312920
A21: 4 | B21: MTSW | C21: SEKKISEI BRIGHTENING ESSENCE LOTION | D21: 1590 | E21: 4285050 | G21: 4 | H21: DLIB | I21: CURL KEEP MAGIC | J21: 7960 | K21: 3940200
A22: 5 | B22: MTSX | C22: SEKKISEI BRIGHTENING EMULSION | D22: 1010 | E22: 1888700 | G22: 5 | H22: MUSC | I22: ONE BY KOSE SERUM SHIELD | J22: 6680 | K22: 19839600
A23: 6 | B23: DLIB | C23: CURL KEEP MAGIC | D23: 1000 | E23: 495000 | G23: 6 | H23: MUCI | I23: ONE BY KOSE PORE CLEAR OIL（Refill） | J23: 6000 | K23: 4950000
A24: 7 | B24: MUCH | C24: ONE BY KOSE PORE CLEAR OIL | D24: 986 | E24: 976140 | G24: 7 | H24: MUCH | I24: ONE BY KOSE PORE CLEAR OIL | J24: 2592 | K24: 2566080
A25: 8 | B25: MUZU | C25: ONE BY KOSE DEEP HYDRATOR | D25: 620 | E25: 988900 | G25: 8 | H25: MTSW | I25: SEKKISEI BRIGHTENING ESSENCE LOTION | J25: 2070 | K25: 5578650
A26: 9 | B26: YNGC001 | C26: VISEE COLOR DUO TRICK CONCEALER 01 | D26: 610 | E26: 369050 | G26: 9 | H26: MTSX | I26: SEKKISEI BRIGHTENING EMULSION | J26: 1130 | K26: 2113100
A27: 10 | B27: DLFP | C27: MAKE KEEP POWDER ＥＸ | D27: 606 | E27: 419958 | G27: 10 | H27: MUXD | I27: ONE BY KOSE SERUM VEIL DEEP REPAIR | J27: 1012 | K27: 5009400
A29: 3月 | G29: 累計
A30: No. | B30: 商品符号 | C30: 商品名称 | D30: 合計 | G30: No. | H30: 商品符号 | I30: 商品名称 | J30: 合計
D31: 数量 | E31: 金額 | J31: 数量 | K31: 金額
A32: 1 | B32: DLCK | C32: MAKE KEEP MIST EX + FF | D32: 9360 | E32: 6692400 | G32: 1 | H32: DLCK | I32: MAKE KEEP MIST EX + FF | J32: 38160 | K32: 27284400
A33: 2 | B33: DLEA | C33: MAKE KEEP MIST EX + | D33: 7500 | E33: 5362500 | G33: 2 | H33: DLEA | I33: MAKE KEEP MIST EX + | J33: 37308 | K33: 26675220
A34: 3 | B34: MUCI | C34: ONE BY KOSE PORE CLEAR OIL（Refill） | D34: 5000 | E34: 4125000 | G34: 3 | H34: MUCF | I34: ONE BY KOSE PORE CLEAR SCRUB WASH | J34: 19508 | K34: 19312920
A35: 4 | B35: MUSC | C35: ONE BY KOSE SERUM SHIELD | D35: 4172 | E35: 12390840 | G35: 4 | H35: MUCI | I35: ONE BY KOSE PORE CLEAR OIL（Refill） | J35: 11000 | K35: 9075000
A36: 5 | B36: MTSW | C36: SEKKISEI BRIGHTENING ESSENCE LOTION | D36: 2144 | E36: 5778080 | G36: 5 | H36: MUSC | I36: ONE BY KOSE SERUM SHIELD | J36: 10852 | K36: 32230440
A37: 6 | B37: MTSX | C37: SEKKISEI BRIGHTENING EMULSION | D37: 1440 | E37: 2692800 | G37: 6 | H37: DLIB | I37: CURL KEEP MAGIC | J37: 9010 | K37: 4459950
A38: 7 | B38: MTSC | C38: SEKKISEI BRIGHTENING ESSENCE LOTION | D38: 1173 | E38: 2451570 | G38: 7 | H38: MTSW | I38: SEKKISEI BRIGHTENING ESSENCE LOTION | J38: 4214 | K38: 11356730
A39: 8 | B39: DLFP | C39: MAKE KEEP POWDER ＥＸ | D39: 1128 | E39: 781704 | G39: 8 | H39: MUCH | I39: ONE BY KOSE PORE CLEAR OIL | J39: 2884 | K39: 2855160
A40: 9 | B40: DLIB | C40: CURL KEEP MAGIC | D40: 1050 | E40: 519750 | G40: 9 | H40: MTSX | I40: SEKKISEI BRIGHTENING EMULSION | J40: 2570 | K40: 4805900
A41: 10 | B41: MUXD | C41: ONE BY KOSE SERUM VEIL DEEP REPAIR | D41: 744 | E41: 3682800 | G41: 10 | H41: MUXD | I41: ONE BY KOSE SERUM VEIL DEEP REPAIR | J41: 1756 | K41: 8692200
A43: 4月 | G43: 累計
A44: No. | B44: 商品符号 | C44: 商品名称 | D44: 合計 | G44: No. | H44: 商品符号 | I44: 商品名称 | J44: 合計
D45: 数量 | E45: 金額 | J45: 数量 | K45: 金額
A46: 1 | B46: DLEA | C46: MAKE KEEP MIST EX + | D46: 17640 | E46: 12612600 | G46: 1 | H46: DLEA | I46: MAKE KEEP MIST EX + | J46: 54948 | K46: 39287820
A47: 2 | B47: DLCK | C47: MAKE KEEP MIST EX + FF | D47: 11463 | E47: 8196045 | G47: 2 | H47: DLCK | I47: MAKE KEEP MIST EX + FF | J47: 49623 | K47: 35480445
A48: 3 | B48: DLFP | C48: MAKE KEEP POWDER ＥＸ | D48: 5790 | E48: 4012470 | G48: 3 | H48: MUCF | I48: ONE BY KOSE PORE CLEAR SCRUB WASH | J48: 23508 | K48: 23272920
A49: 4 | B49: MUCF | C49: ONE BY KOSE PORE CLEAR SCRUB WASH | D49: 4000 | E49: 3960000 | G49: 4 | H49: MUSC | I49: ONE BY KOSE SERUM SHIELD | J49: 14100 | K49: 41877000
A50: 5 | B50: MUSC | C50: ONE BY KOSE SERUM SHIELD | D50: 3248 | E50: 9646560 | G50: 5 | H50: MUCI | I50: ONE BY KOSE PORE CLEAR OIL（Refill） | J50: 11000 | K50: 9075000
A51: 6 | B51: DLBJ001 | C51: MAKE KEEP PRIMER UV 01 | D51: 2880 | E51: 2059200 | G51: 6 | H51: DLIB | I51: CURL KEEP MAGIC | J51: 10510 | K51: 5202450
A52: 7 | B52: DLSC | C52: SUPER UV PROTECTOR | D52: 2570 | E52: 1837550 | G52: 7 | H52: DLFP | I52: MAKE KEEP POWDER ＥＸ | J52: 7524 | K52: 5214132
A53: 8 | B53: YNGC001 | C53: VISEE COLOR DUO TRICK CONCEALER 01 | D53: 1518 | E53: 918390 | G53: 8 | H53: MTSW | I53: SEKKISEI BRIGHTENING ESSENCE LOTION | J53: 5104 | K53: 13755280
A54: 9 | B54: DLIB | C54: CURL KEEP MAGIC | D54: 1500 | E54: 742500 | G54: 9 | H54: DLBJ001 | I54: MAKE KEEP PRIMER UV 01 | J54: 3168 | K54: 2265120
A55: 10 | B55: MTSW | C55: SEKKISEI BRIGHTENING ESSENCE LOTION | D55: 890 | E55: 2398550 | G55: 10 | H55: MTSX | I55: SEKKISEI BRIGHTENING EMULSION | J55: 2942 | K55: 5501540
A57: 5月 | G57: 累計
A58: No. | B58: 商品符号 | C58: 商品名称 | D58: 合計 | G58: No. | H58: 商品符号 | I58: 商品名称 | J58: 合計
D59: 数量 | E59: 金額 | J59: 数量 | K59: 金額
A60: 1 | B60: DLCN | C60: MAKE KEEP MIST EX + COOL S | D60: 59472 | E60: 42522480 | G60: 1 | H60: DLEA | I60: MAKE KEEP MIST EX + | J60: 70872 | K60: 50673480
A61: 2 | B61: DLEA | C61: MAKE KEEP MIST EX + | D61: 15924 | E61: 11385660 | G61: 2 | H61: DLCN | I61: MAKE KEEP MIST EX + COOL S | J61: 59472 | K61: 42522480
A62: 3 | B62: DLCQ | C62: MAKE KEEP POWDER EX COOL | D62: 7647 | E62: 5467605 | G62: 3 | H62: DLCK | I62: MAKE KEEP MIST EX + FF | J62: 49623 | K62: 35480445
A63: 4 | B63: DLCR | C63: MAKE KEEP PRIMER UV COOL | D63: 3600 | E63: 2574000 | G63: 4 | H63: MUCF | I63: ONE BY KOSE PORE CLEAR SCRUB WASH | J63: 23508 | K63: 23272920
A64: 5 | B64: DLFP | C64: MAKE KEEP POWDER ＥＸ | D64: 1344 | E64: 931392 | G64: 5 | H64: MUSC | I64: ONE BY KOSE SERUM SHIELD | J64: 14940 | K64: 44371800
A65: 6 | B65: DLIB | C65: CURL KEEP MAGIC | D65: 1050 | E65: 519750 | G65: 6 | H65: DLIB | I65: CURL KEEP MAGIC | J65: 11560 | K65: 5722200
A66: 7 | B66: MTSW | C66: SEKKISEI BRIGHTENING ESSENCE LOTION | D66: 1020 | E66: 2748900 | G66: 7 | H66: MUCI | I66: ONE BY KOSE PORE CLEAR OIL（Refill） | J66: 11000 | K66: 9075000
A67: 8 | B67: DLCA | C67: MAKE KEEP POWDER EX | D67: 1000 | E67: 247500 | G67: 8 | H67: DLFP | I67: MAKE KEEP POWDER ＥＸ | J67: 8868 | K67: 6145524
A68: 9 | B68: MUSC | C68: ONE BY KOSE SERUM SHIELD | D68: 840 | E68: 2494800 | G68: 9 | H68: DLCQ | I68: MAKE KEEP POWDER EX COOL | J68: 7647 | K68: 5467605
A69: 10 | B69: DLEB | C69: MAKE KEEP MIST EX +＜35mL＞ | D69: 690 | E69: 326370 | G69: 10 | H69: MTSW | I69: SEKKISEI BRIGHTENING ESSENCE LOTION | J69: 6124 | K69: 16504180

Sheet Sheet5
A1: No. | B1: JANコード | C1: 商品符号 | D1: ブランド | E1: 商品名称 | F1: 2407 | G1: 2408 | H1: 2409 | I1: 2410 | J1: 2411 | K1: 2412 | L1: 2501 | M1: 2502 | N1: 2503 | O1: 2504 | P1: 2505 | Q1: 2506 | R1: 2507 | S1: 合計
F2: 金額 | G2: 金額 | H2: 金額 | I2: 金額 | J2: 金額 | K2: 金額 | L2: 金額 | M2: 金額 | N2: 金額 | O2: 金額 | P2: 金額 | Q2: 金額 | R2: 金額 | S2: 金額
A3: 1 | B3: 4971710576306 | C3: DLEA | D3: MAKE KEEP | E3: MAKE KEEP MIST EX + | G3: 85800 | H3: 26400 | I3: 93720 | J3: 209880 | L3: 1333200 | M3: 2360820 | N3: 5488560 | O3: 8102160 | P3: 13332660 | Q3: 9139680 | R3: 20606520 | S3: =F3+G3+H3+I3+J3+K3+L3+M3+N3+ O3+P3+Q3+R3 -> 60779400
A4: 2 | B4: 4971710565065 | C4: MUSC | D4: ONE BY KOSE | E4: ONE BY KOSE SERUM SHIELD | F4: 110000 | G4: 453750 | H4: 82500 | I4: 522500 | J4: 2483250 | K4: 3080000 | L4: 9190500 | M4: 7312250 | N4: 2546500 | O4: 6083000 | P4: 16464250 | Q4: 3080000 | R4: 7144500 | S4: =F4+G4+H4+I4+J4+K4+L4+M4+N4+ O4+P4+Q4+R4 -> 58553000
A5: 3 | B5: 4971710574852 | C5: MUCI | D5: ONE BY KOSE | E5: ONE BY KOSE PORE CLEAR OIL（Refill） | G5: 49500 | I5: 37125 | J5: 264000 | K5: 561000 | L5: 503250 | M5: 740850 | N5: 394350 | O5: 2103750 | P5: 3836250 | Q5: 297000 | R5: 3387450 | S5: =F5+G5+H5+I5+J5+K5+L5+M5+N5+ O5+P5+Q5+R5 -> 12174525
A6: 4 | B6: 4971710511505 | C6: DLIB | D6: CURL KEEP | E6: CURL KEEP MAGIC | G6: 4950 | H6: 14850 | J6: 178200 | L6: 1386000 | M6: 1485000 | O6: 990000 | P6: 24750 | R6: 1757250 | S6: =F6+G6+H6+I6+J6+K6+L6+M6+N6+ O6+P6+Q6+R6 -> 5841000
A7: 5 | B7: 4971710598711 | C7: DLFP | D7: MAKE KEEP | E7: MAKE KEEP OIL BLOCK POWDER PAPER | Q7: 798336 | R7: 5345802 | S7: =F7+G7+H7+I7+J7+K7+L7+M7+N7+ O7+P7+Q7+R7 -> 6144138
A8: 6 | B8: 4971710590500 | C8: DLCH | D8: MAKE KEEP | E8: MAKE KEEP MIST EX + SAKURA CHERRY | O8: 2376000 | P8: 1980000 | R8: 66000 | S8: =F8+G8+H8+I8+J8+K8+L8+M8+N8+ O8+P8+Q8+R8 -> 4422000
A9: 7 | B9: 4971710579291 | C9: DLCC | D9: MAKE KEEP | E9: MAKE KEEP MIST EX + COOL | H9: 0 | I9: 0 | P9: 3769920 | Q9: 491040 | S9: =F9+G9+H9+I9+J9+K9+L9+M9+N9+ O9+P9+Q9+R9 -> 4260960
A10: 8 | B10: 4971710551006 | C10: YNRE001 | D10: VISEE | E10: VISEE ESSENCE LIP PLUMPER SP001 | F10: 1079650 | G10: 38610 | H10: 17160 | I10: 47190 | J10: 579150 | K10: 64350 | L10: 926640 | M10: 475475 | N10: 602030 | O10: 25740 | P10: 370370 | Q10: 51480 | R10: 253110 | S10: =F10+G10+H10+I10+J10+K10+L10+M10+N10+ O10+P10+Q10+R10 -> 4530955
A11: 9 | B11: 4971710580044 | C11: DLCE | D11: MAKE KEEP | E11: MAKE KEEP PRIMER COOL | G11: 9900 | K11: 0 | P11: 39600 | Q11: 818400 | R11: 2640000 | S11: =F11+G11+H11+I11+J11+K11+L11+M11+N11+ O11+P11+Q11+R11 -> 3507900
A12: 10 | B12: 4971710539189 | C12: YNCF | D12: VISEE | E12: VISEE RED TRICK EYE CONCEALER | F12: 441650 | G12: 180895 | H12: 14520 | I12: 7260 | J12: 235950 | K12: 142175 | L12: 804045 | M12: 273460 | N12: 182710 | O12: 14520 | P12: 485210 | Q12: 32065 | S12: =F12+G12+H12+I12+J12+K12+L12+M12+N12+ O12+P12+Q12+R12 -> 2814460
A13: 11 | B13: 4971710571837 | C13: YNRE300 | D13: VISEE | E13: VISEE ESSENCE LIP PLUMPER BE300 | F13: 364650 | G13: 24310 | H13: 17160 | I13: 329615 | J13: 193050 | K13: 135850 | L13: 657800 | M13: 619905 | N13: 530530 | O13: 17160 | Q13: 35750 | R13: 8580 | S13: =F13+G13+H13+I13+J13+K13+L13+M13+N13+ O13+P13+Q13+R13 -> 2934360
A14: 12 | B14: 4971710590524 | C14: DLCJ | D14: MAKE KEEP | E14: MAKE KEEP POWDER SAKURA CHERRY | O14: 234960 | P14: 1782000 | R14: 462000 | S14: =F14+G14+H14+I14+J14+K14+L14+M14+N14+ O14+P14+Q14+R14 -> 2478960
A15: 13 | B15: 4971710561395 | C15: MUCH | D15: ONE BY KOSE | E15: ONE BY KOSE PORE CLEAR OIL | F15: 19800 | G15: 297000 | H15: 39600 | I15: 118800 | J15: 49500 | K15: 59400 | L15: 390060 | M15: 314820 | N15: 247500 | O15: 669240 | Q15: 129690 | S15: =F15+G15+H15+I15+J15+K15+L15+M15+N15+ O15+P15+Q15+R15 -> 2335410
A16: 14 | B16: 4971710576573 | C16: DLEB | D16: MAKE KEEP | E16: MAKE KEEP MIST EX +＜35mL＞ | G16: 165000 | H16: 13200 | J16: 31680 | K16: 4400 | L16: 388080 | M16: 51040 | N16: 4840 | O16: 220880 | P16: 12320 | Q16: 73920 | R16: 66880 | S16: =F16+G16+H16+I16+J16+K16+L16+M16+N16+ O16+P16+Q16+R16 -> 1032240
A17: 15 | B17: 4971710595543 | C17: YNXX006 | D17: VISEE | E17: VISEE W MOOD EYES BL-6 | M17: 415800 | N17: 308000 | O17: 377300 | P17: 281050 | Q17: 275660 | R17: 69300 | S17: =F17+G17+H17+I17+J17+K17+L17+M17+N17+ O17+P17+Q17+R17 -> 1727110
A18: 16 | B18: 4971710595789 | C18: MUCF | D18: ONE BY KOSE | E18: ONE BY KOSE PORE CLEAR SCRUB WASH | P18: 740520 | R18: 1138500 | S18: =F18+G18+H18+I18+J18+K18+L18+M18+N18+ O18+P18+Q18+R18 -> 1879020
A19: 17 | B19: 4971710556766 | C19: DLEP | D19: MAKE KEEP | E19: MAKE KEEP POWDER | G19: 221100 | H19: 75900 | I19: 21120 | J19: 377520 | K19: 79200 | L19: 270600 | M19: 91080 | N19: 11880 | O19: 79200 | S19: =F19+G19+H19+I19+J19+K19+L19+M19+N19+ O19+P19+Q19+R19 -> 1227600
A20: 18 | B20: 4971710577341 | C20: MUXA | D20: ONE BY KOSE | E20: ONE BY KOSE SERUM VEIL DEEP REPAIR | H20: 27500 | I20: 13750 | J20: 82500 | L20: 1067000 | M20: 574750 | N20: 544500 | O20: 220000 | P20: 2128500 | Q20: 148500 | R20: 121000 | S20: =F20+G20+H20+I20+J20+K20+L20+M20+N20+ O20+P20+Q20+R20 -> 4928000
A21: 19 | B21: 4971710546071 | C21: =VLOOKUP(B21,[2]OBK!$E:$F,2,0) -> MUZU | D21: ONE BY KOSE | E21: ONE BY KOSE DEEP HYDRATOR | G21: 63800 | I21: 79750 | J21: 47850 | K21: 162690 | L21: 778360 | M21: 236060 | N21: 245630 | O21: 194590 | P21: 957000 | Q21: 47850 | R21: 9570 | S21: =F21+G21+H21+I21+J21+K21+L21+M21+N21+ O21+P21+Q21+R21 -> 2823150
A22: 20 | B22: 4971710580396 | C22: MUXD | D22: ONE BY KOSE | E22: ONE BY KOSE SERUM VEIL DEEP REPAIR | G22: 91300 | H22: 45650 | I22: 159775 | J22: 136950 | L22: 1460800 | M22: 1168640 | N22: 1415150 | O22: 547800 | P22: 2424015 | Q22: 365200 | R22: 27390 | S22: =F22+G22+H22+I22+J22+K22+L22+M22+N22+ O22+P22+Q22+R22 -> 7842670
A23: 21 | B23: 4971710471991 | C23: YNYK005 | D23: VISEE | E23: VISEE GEMMY RICH EYES BL-5 | I23: 460680 | J23: 539880 | K23: 0 | S23: =F23+G23+H23+I23+J23+K23+L23+M23+N23+ O23+P23+Q23+R23 -> 1000560
A24: 22 | B24: 4971710576641 | C24: MUPE | D24: ONE BY KOSE | E24: ONE BY KOSE CLEAR PEEL SERUM | F24: 36300 | G24: 81675 | H24: 72600 | I24: 45375 | J24: 181500 | K24: 87120 | L24: 235950 | M24: 123420 | N24: 134310 | O24: 245025 | P24: 1150710 | Q24: 145200 | R24: 3630 | S24: =F24+G24+H24+I24+J24+K24+L24+M24+N24+ O24+P24+Q24+R24 -> 2542815
A25: 23 | B25: 4971710557787 | C25: DXPO000 | D25: FASIO | E25: FASIO PORE SMOOTH PRIMER 00 | G25: 14850 | H25: 14850 | I25: 9900 | J25: 42570 | K25: 49500 | L25: 110880 | M25: 2970 | N25: 74250 | O25: 139590 | P25: 74250 | Q25: 30690 | R25: 111870 | S25: =F25+G25+H25+I25+J25+K25+L25+M25+N25+ O25+P25+Q25+R25 -> 676170
A26: 24 | B26: 4971710580372 | C26: MUXC | D26: ONE BY KOSE | E26: ONE BY KOSE SERUM VEIL DEEP REPAIR | H26: 26400 | I26: 13200 | J26: 26400 | L26: 844800 | M26: 359040 | N26: 179520 | O26: 132000 | Q26: 1657920 | R26: 179520 | S26: =F26+G26+H26+I26+J26+K26+L26+M26+N26+ O26+P26+Q26+R26 -> 3418800
A27: 25 | B27: 4971710576634 | C27: MUPD | D27: ONE BY KOSE | E27: ONE BY KOSE CLEAR PEEL SERUM | F27: 57750 | G27: 115500 | H27: 279125 | I27: 21175 | J27: 96250 | K27: 9625 | L27: 375375 | M27: 157850 | N27: 11550 | O27: 134750 | P27: 1149225 | Q27: 34650 | R27: 30800 | S27: =F27+G27+H27+I27+J27+K27+L27+M27+N27+ O27+P27+Q27+R27 -> 2473625
A28: 26 | B28: 4971710592955 | C28: YNGC001 | D28: VISEE | E28: VISEE COLOR DUO TRICK CONCEALER 01 | L28: 39325 | M28: 196625 | N28: 23595 | O28: 206305 | P28: 19360 | R28: 263780 | S28: =F28+G28+H28+I28+J28+K28+L28+M28+N28+ O28+P28+Q28+R28 -> 748990
A29: 27 | B29: 4971710549812 | C29: MSYN | D29: ONE BY KOSE | E29: ONE BY KOSE MELANOSHOT W | F29: 75900 | H29: 189750 | I29: 113850 | J29: 75900 | K29: 478170 | L29: 455400 | M29: 409860 | N29: 527505 | O29: 645150 | P29: 595815 | Q29: 394680 | R29: 721050 | S29: =F29+G29+H29+I29+J29+K29+L29+M29+N29+ O29+P29+Q29+R29 -> 4683030
A30: 28 | B30: 4971710568899 | C30: MUWI | D30: ONE BY KOSE | E30: ONE BY KOSE WRINKLE DOUBLE REPAIR | F30: 29700 | G30: 14850 | H30: 14850 | I30: 7425 | J30: 170775 | L30: 44550 | M30: 124740 | N30: 166320 | O30: 68310 | P30: 929610 | Q30: 89100 | R30: 2970 | S30: =F30+G30+H30+I30+J30+K30+L30+M30+N30+ O30+P30+Q30+R30 -> 1663200
A31: 29 | B31: 4971710549782 | C31: MSYJ | D31: ONE BY KOSE | E31: ONE BY KOSE MELANOSHOT W | F31: 87450 | G31: 174900 | H31: 72875 | I31: 87450 | J31: 122430 | K31: 227370 | L31: 670450 | M31: 145750 | N31: 343970 | O31: 291500 | P31: 174900 | Q31: 256520 | R31: 574255 | S31: =F31+G31+H31+I31+J31+K31+L31+M31+N31+ O31+P31+Q31+R31 -> 3229820
A32: 30 | B32: 4971710524055 | C32: YNBX | D32: VISEE | E32: VISEE EYEBROW ENHANCER | I32: 60500 | J32: 9075 | K32: 72600 | L32: 176055 | M32: 73810 | N32: 151250 | O32: 3630 | P32: 24200 | Q32: 60500 | R32: 24200 | S32: =F32+G32+H32+I32+J32+K32+L32+M32+N32+ O32+P32+Q32+R32 -> 655820
A33: 31 | B33: 4971710549805 | C33: MSYK | D33: ONE BY KOSE | E33: ONE BY KOSE MELANOSHOT W | G33: 192500 | H33: 55000 | I33: 68750 | J33: 68750 | K33: 198000 | L33: 871750 | M33: 203500 | N33: 192500 | O33: 82500 | P33: 855250 | Q33: 16500 | R33: 129250 | S33: =F33+G33+H33+I33+J33+K33+L33+M33+N33+ O33+P33+Q33+R33 -> 2934250
A34: 32 | B34: 4971710522839 | C34: DLID | D34: CURL KEEP | E34: CURL KEEP MAGIC ESSENCE REMOVER | G34: 15400 | J34: 95040 | L34: 52800 | N34: 70400 | O34: 88000 | R34: 132000 | S34: =F34+G34+H34+I34+J34+K34+L34+M34+N34+ O34+P34+Q34+R34 -> 453640
A35: 33 | B35: 4971710557718 | C35: DXJC002 | D35: FASIO | E35: FASIO AIRY STAY BB TINT UV 02 | F35: 6600 | G35: 23100 | H35: 23100 | I35: 3300 | J35: 39600 | K35: 3300 | L35: 93720 | M35: 101640 | N35: 15840 | O35: 113520 | P35: 73920 | R35: 155760 | S35: =F35+G35+H35+I35+J35+K35+L35+M35+N35+ O35+P35+Q35+R35 -> 653400
A36: 34 | B36: 4971710556865 | C36: YNST300 | D36: VISEE | E36: VISEE SHADE TRICK BR300 | F36: 70400 | G36: 30800 | H36: 18480 | I36: 44000 | J36: 58960 | L36: 151360 | M36: 200640 | N36: 52800 | O36: 59840 | P36: 63360 | Q36: 13200 | R36: 95040 | S36: =F36+G36+H36+I36+J36+K36+L36+M36+N36+ O36+P36+Q36+R36 -> 858880
A37: 35 | B37: 4971710580600 | C37: =VLOOKUP(B37,[3]SEK!$E:$F,2,0) -> MTSW | D37: SEK BRIGHTENING | E37: SEKKISEI BRIGHTENING ESSENCE LOTION | P37: 1706100 | R37: 780670 | S37: =F37+G37+H37+I37+J37+K37+L37+M37+N37+ O37+P37+Q37+R37 -> 2486770
A38: 36 | B38: 4971710556827 | C38: YNFB001 | D38: VISEE | E38: VISEE GLOW BALM FOUNDATION 01 | H38: 94050 | I38: 128700 | J38: 59400 | K38: 74250 | L38: 64350 | M38: 198990 | N38: 227700 | O38: 29700 | P38: 61380 | Q38: 8910 | R38: 3960 | S38: =F38+G38+H38+I38+J38+K38+L38+M38+N38+ O38+P38+Q38+R38 -> 951390
A39: 37 | B39: 4971710295252 | C39: =VLOOKUP(B39,[2]OBK!$E:$F,2,0) -> MUZP | D39: ONE BY KOSE | E39: ONE BY KOSE THE WATER MATE | G39: 34650 | I39: 17325 | J39: 173250 | K39: 265650 | L39: 138600 | M39: 106260 | N39: 71610 | O39: 99330 | P39: 184800 | S39: =F39+G39+H39+I39+J39+K39+L39+M39+N39+ O39+P39+Q39+R39 -> 1091475
A40: 38 | B40: 4971710595529 | C40: YNXX004 | D40: VISEE | E40: VISEE W MOOD EYES OR-4 | M40: 22330 | N40: 104720 | O40: 133980 | P40: 127050 | Q40: 186340 | R40: 149380 | S40: =F40+G40+H40+I40+J40+K40+L40+M40+N40+ O40+P40+Q40+R40 -> 723800
A41: 39 | B41: 4971710563238 | C41: DLBK | D41: MAKE KEEP | E41: MAKE KEEP PRIMER | G41: 19800 | J41: 110880 | K41: 42900 | L41: 79200 | N41: 158400 | O41: 52800 | P41: 118800 | R41: 29700 | S41: =F41+G41+H41+I41+J41+K41+L41+M41+N41+ O41+P41+Q41+R41 -> 612480
A42: 40 | B42: 4971710571790 | C42: YNGV002 | D42: VISEE | E42: VISEE NUANCE DEWY CREATOR BE-2 | G42: 15840 | H42: 15840 | I42: 106920 | K42: 16500 | L42: 9900 | M42: 205920 | N42: 99000 | O42: 91080 | R42: 5280 | S42: =F42+G42+H42+I42+J42+K42+L42+M42+N42+ O42+P42+Q42+R42 -> 566280
A43: 41 | B43: 4971710571844 | C43: YNRE900 | D43: VISEE | E43: VISEE ESSENCE LIP PLUMPER BL900 | F43: 143000 | J43: 197340 | L43: 71500 | M43: 78650 | N43: 21450 | P43: 82225 | S43: =F43+G43+H43+I43+J43+K43+L43+M43+N43+ O43+P43+Q43+R43 -> 594165
A44: 42 | B44: 4971710557732 | C44: DXJC001 | D44: FASIO | E44: FASIO AIRY STAY BB TINT UV 01 | F44: 6600 | G44: 33000 | H44: 26400 | I44: 3300 | J44: 6600 | K44: 3300 | L44: 87120 | M44: 123420 | N44: 3960 | O44: 43560 | P44: 73920 | R44: 124080 | S44: =F44+G44+H44+I44+J44+K44+L44+M44+N44+ O44+P44+Q44+R44 -> 535260
A45: 43 | B45: 4971710581911 | C45: YNRE002 | D45: VISEE | E45: VISEE ESSENCE LIP PLUMPER SP002 | H45: 214500 | I45: 214500 | J45: 28600 | L45: 71500 | O45: 50050 | S45: =F45+G45+H45+I45+J45+K45+L45+M45+N45+ O45+P45+Q45+R45 -> 579150
A46: 44 | B46: 4971710489194 | C46: YNCG009 | D46: VISEE | E46: VISEE LIP & CHEEK CREAM N BR-9 | I46: 27500 | J46: 60500 | K46: 5500 | L46: 38500 | M46: 49500 | P46: 143000 | Q46: 88000 | R46: 8250 | S46: =F46+G46+H46+I46+J46+K46+L46+M46+N46+ O46+P46+Q46+R46 -> 420750
A47: 45 | B47: 4971710299212 | C47: MUCP | D47: ONE BY KOSE | E47: ONE BY KOSE DOUBLE BLACK WASHER | F47: 29700 | G47: 59400 | H47: 19800 | I47: 34650 | J47: 29700 | L47: 556380 | S47: =F47+G47+H47+I47+J47+K47+L47+M47+N47+ O47+P47+Q47+R47 -> 729630
A48: 46 | B48: 4971710556841 | C48: YNFB000 | D48: VISEE | E48: VISEE GLOW BALM FOUNDATION 00 | H48: 34650 | I48: 29700 | J48: 24750 | K48: 69300 | L48: 168300 | M48: 226710 | N48: 71280 | O48: 29700 | P48: 37620 | Q48: 9900 | R48: 1980 | S48: =F48+G48+H48+I48+J48+K48+L48+M48+N48+ O48+P48+Q48+R48 -> 703890
A49: 47 | B49: 4971710576627 | C49: YNRF351 | D49: VISEE | E49: VISEE NENMAKU FAKE ROUGE BE351 | H49: 18480 | I49: 154000 | L49: 7700 | M49: 232540 | N49: 23100 | O49: 9240 | P49: 23100 | R49: 73920 | S49: =F49+G49+H49+I49+J49+K49+L49+M49+N49+ O49+P49+Q49+R49 -> 542080
A50: 48 | B50: 4971710593037 | C50: YNZH001 | D50: VISEE | E50: VISEE TRINITAS GLOW POWDER 01 | L50: 112200 | M50: 181390 | N50: 46750 | O50: 39270 | P50: 116875 | R50: 160820 | S50: =F50+G50+H50+I50+J50+K50+L50+M50+N50+ O50+P50+Q50+R50 -> 657305
A51: 49 | B51: 4971710295818 | C51: =VLOOKUP(B51,[2]OBK!$E:$F,2,0) -> MUWT | D51: ONE BY KOSE | E51: ONE BY KOSE THE WRINKLESS S | G51: 40700 | I51: 20350 | J51: 40700 | K51: 97680 | L51: 496540 | M51: 463980 | N51: 427350 | O51: 268620 | P51: 602360 | Q51: 203500 | R51: 179080 | S51: =F51+G51+H51+I51+J51+K51+L51+M51+N51+ O51+P51+Q51+R51 -> 2840860
A52: 50 | B52: 4971710582864 | C52: YNRE800 | D52: VISEE | E52: VISEE ESSENCE LIP PLUMPER PK800 | G52: 35750 | H52: 7150 | I52: 30030 | J52: 114400 | K52: 14300 | M52: 225940 | N52: 5720 | O52: 4290 | P52: 30030 | R52: 1430 | S52: =F52+G52+H52+I52+J52+K52+L52+M52+N52+ O52+P52+Q52+R52 -> 469040
A53: 51 | B53: 4971710278521 | C53: MUSE | D53: ONE BY KOSE | E53: ONE BY KOSE BALANCING TUNER | F53: 49500 | G53: 24750 | I53: 49500 | J53: 79200 | K53: 237600 | N53: 148500 | P53: 952875 | R53: 79200 | S53: =F53+G53+H53+I53+J53+K53+L53+M53+N53+ O53+P53+Q53+R53 -> 1621125
A54: 52 | B54: 4971710595499 | C54: YNXX001 | D54: VISEE | E54: VISEE W MOOD EYES BR-1 | M54: 47740 | N54: 169400 | O54: 84700 | P54: 29260 | Q54: 166320 | S54: =F54+G54+H54+I54+J54+K54+L54+M54+N54+ O54+P54+Q54+R54 -> 497420
A55: 53 | B55: 4971710561210 | C55: YNRF850 | D55: VISEE | E55: VISEE NENMAKU FAKE ROUGE PK850 | G55: 23100 | H55: 3850 | I55: 77000 | J55: 30800 | L55: 70070 | M55: 61600 | N55: 1540 | O55: 64680 | P55: 83160 | Q55: 3850 | R55: 50820 | S55: =F55+G55+H55+I55+J55+K55+L55+M55+N55+ O55+P55+Q55+R55 -> 470470
A56: 54 | B56: 4971710557725 | C56: DXJC003 | D56: FASIO | E56: FASIO AIRY STAY BB TINT UV 03 | F56: 6600 | G56: 36300 | J56: 19800 | L56: 82500 | M56: 23760 | N56: 26400 | O56: 79200 | P56: 73920 | R56: 47520 | S56: =F56+G56+H56+I56+J56+K56+L56+M56+N56+ O56+P56+Q56+R56 -> 396000
A57: 55 | B57: 4971710494211 | C57: YNBN001 | D57: VISEE | E57: VISEE EYEBROW PENCIL S GY001 | F57: 38610 | G57: 1485 | I57: 16632 | K57: 10395 | L57: 7721 | M57: 3564 | N57: 2970 | O57: 20196 | P57: 11880 | Q57: 3564 | R57: 60588 | S57: =F57+G57+H57+I57+J57+K57+L57+M57+N57+ O57+P57+Q57+R57 -> 177605
A58: 56 | B58: 4971710593044 | C58: YNZH002 | D58: VISEE | E58: VISEE TRINITAS GLOW POWDER 02 | L58: 112200 | M58: 184195 | N58: 11220 | O58: 33660 | P58: 93500 | R58: 95370 | S58: =F58+G58+H58+I58+J58+K58+L58+M58+N58+ O58+P58+Q58+R58 -> 530145
A59: 57 | B59: 4971710494204 | C59: YNBN305 | D59: VISEE | E59: VISEE EYEBROW PENCIL S BR305 | G59: 1485 | H59: 14850 | I59: 25245 | L59: 23760 | M59: 45144 | N59: 1782 | O59: 16632 | P59: 31482 | Q59: 1782 | R59: 4752 | S59: =F59+G59+H59+I59+J59+K59+L59+M59+N59+ O59+P59+Q59+R59 -> 166914
A60: 58 | B60: 4971710541212 | C60: MUZT | D60: ONE BY KOSE | E60: ONE BY KOSE DEEP HYDRATOR | G60: 17600 | I60: 17600 | J60: 17600 | L60: 242880 | M60: 28160 | O60: 75680 | P60: 561440 | R60: 1760 | S60: =F60+G60+H60+I60+J60+K60+L60+M60+N60+ O60+P60+Q60+R60 -> 962720
A61: 59 | B61: 4971710513622 | C61: DXQT002 | D61: FASIO | E61: FASIO EYEBROW PENCIL 02 | G61: 9060 | I61: 15100 | J61: 9060 | L61: 74291 | O61: 1812 | P61: 18120 | Q61: 7248 | R61: 19328 | S61: =F61+G61+H61+I61+J61+K61+L61+M61+N61+ O61+P61+Q61+R61 -> 154019
A62: 60 | B62: 4971710588125 | C62: YNRE301 | D62: VISEE | E62: VISEE ESSENCE LIP PLUMPER BR301 | J62: 214500 | K62: 51480 | L62: 10725 | M62: 4290 | N62: 47190 | O62: 25740 | R62: 1430 | S62: =F62+G62+H62+I62+J62+K62+L62+M62+N62+ O62+P62+Q62+R62 -> 355355
A63: 61 | B63: 4971710581928 | C63: =VLOOKUP(B63,[3]SEK!$E:$F,2,0) -> MTSX | D63: SEK BRIGHTENING | E63: SEKKISEI BRIGHTENING EMULSION | P63: 813120 | Q63: 35200 | R63: 21120 | S63: =F63+G63+H63+I63+J63+K63+L63+M63+N63+ O63+P63+Q63+R63 -> 869440
A64: 62 | B64: 4971710595536 | C64: YNXX005 | D64: VISEE | E64: VISEE W MOOD EYES PK-5 | M64: 49280 | N64: 104720 | O64: 135520 | P64: 23100 | Q64: 66220 | S64: =F64+G64+H64+I64+J64+K64+L64+M64+N64+ O64+P64+Q64+R64 -> 378840
A65: 63 | B65: 4971710490756 | C65: YNIT321 | D65: VISEE | E65: VISEE MELTY SHARP GEL LINER BR321 | I65: 33000 | J65: 5500 | L65: 82500 | M65: 99000 | O65: 16500 | R65: 16500 | S65: =F65+G65+H65+I65+J65+K65+L65+M65+N65+ O65+P65+Q65+R65 -> 253000
A66: 64 | B66: 4971710561241 | C66: YNRF650 | D66: VISEE | E66: VISEE NENMAKU FAKE ROUGE RO650 | I66: 42350 | J66: 231000 | K66: 3850 | L66: 9240 | M66: 7700 | N66: 1540 | O66: 20020 | P66: 1540 | Q66: 7700 | R66: 24640 | S66: =F66+G66+H66+I66+J66+K66+L66+M66+N66+ O66+P66+Q66+R66 -> 349580
A67: 65 | B67: 4971710576610 | C67: YNRF852 | D67: VISEE | E67: VISEE NENMAKU FAKE ROUGE PK852 | H67: 18480 | I67: 154000 | L67: 7700 | M67: 117040 | N67: 23100 | O67: 4620 | R67: 23100 | S67: =F67+G67+H67+I67+J67+K67+L67+M67+N67+ O67+P67+Q67+R67 -> 348040
A68: 66 | B68: 4971710569193 | C68: DXFX002 | D68: FASIO | E68: FASIO AIRY STAY BB TINT MOIST 02 | F68: 6600 | G68: 19800 | H68: 3300 | I68: 26400 | J68: 6600 | L68: 90420 | M68: 55440 | O68: 40920 | P68: 33000 | Q68: 7920 | S68: =F68+G68+H68+I68+J68+K68+L68+M68+N68+ O68+P68+Q68+R68 -> 290400
A69: 67 | B69: 4971710523065 | C69: DXKB410 | D69: FASIO | E69: FASIO AIRY STAY POWDER FOUNDATION 410 | F69: 5280 | G69: 4400 | I69: 3520 | J69: 44880 | L69: 84480 | M69: 5280 | N69: 68640 | O69: 9680 | P69: 70400 | R69: 86240 | S69: =F69+G69+H69+I69+J69+K69+L69+M69+N69+ O69+P69+Q69+R69 -> 382800
A70: 68 | B70: 4971710573855 | C70: =VLOOKUP(B70,[3]SEK!$E:$F,2,0) -> MTSC | D70: SEK BRIGHTENING | E70: SEKKISEI BRIGHTENING ESSENCE LOTION | P70: 519750 | R70: 311850 | S70: =F70+G70+H70+I70+J70+K70+L70+M70+N70+ O70+P70+Q70+R70 -> 831600
A71: 69 | B71: 4971710494914 | C71: YNUR002 | D71: VISEE | E71: VISEE AVANT LIP & EYE COLOR PENCIL 002 | J71: 6600 | M71: 13200 | N71: 13200 | O71: 85800 | P71: 33000 | Q71: 66000 | R71: 66000 | S71: =F71+G71+H71+I71+J71+K71+L71+M71+N71+ O71+P71+Q71+R71 -> 283800
A72: 70 | B72: 4971710593020 | C72: YNGD008 | D72: VISEE | E72: VISEE COLOR DUO TRICK CONCEALER 08 | L72: 39325 | M72: 68365 | N72: 14520 | O72: 24200 | P72: 7260 | Q72: 102850 | R72: 1210 | S72: =F72+G72+H72+I72+J72+K72+L72+M72+N72+ O72+P72+Q72+R72 -> 257730
A73: 71 | B73: 4971710573992 | C73: =VLOOKUP(B73,[3]SEK!$E:$F,2,0) -> MTSE | D73: SEK BRIGHTENING | E73: SEKKISEI BRIGHTENING ESSENCE LOTION | P73: 703890 | Q73: 59400 | R73: 445500 | S73: =F73+G73+H73+I73+J73+K73+L73+M73+N73+ O73+P73+Q73+R73 -> 1208790
A74: 72 | B74: 4971710494167 | C74: YNBN300 | D74: VISEE | E74: VISEE EYEBROW PENCIL S BR300 | G74: 2970 | I74: 8910 | K74: 2970 | L74: 18413 | M74: 27918 | O74: 20196 | P74: 31482 | Q74: 5346 | R74: 1782 | S74: =F74+G74+H74+I74+J74+K74+L74+M74+N74+ O74+P74+Q74+R74 -> 119987
A75: 73 | B75: 4971710295245 | C75: MUZO | D75: ONE BY KOSE | E75: ONE BY KOSE THE WATER MATE | G75: 6600 | I75: 13200 | K75: 63360 | L75: 198000 | O75: 73920 | P75: 174240 | S75: =F75+G75+H75+I75+J75+K75+L75+M75+N75+ O75+P75+Q75+R75 -> 529320
A76: 74 | B76: 4971710580754 | C76: YNGV007 | D76: VISEE | E76: VISEE NUANCE DEWY CREATOR PK-7 | H76: 0 | I76: 59400 | K76: 6600 | L76: 26400 | N76: 66000 | O76: 39600 | P76: 39600 | Q76: 13200 | S76: =F76+G76+H76+I76+J76+K76+L76+M76+N76+ O76+P76+Q76+R76 -> 250800
A77: 75 | B77: 4971710513714 | C77: DXQX001 | D77: FASIO | E77: FASIO LIQUID EYELINER 01 | G77: 16500 | I77: 27500 | J77: 27500 | L77: 85800 | O77: 16500 | P77: 16500 | R77: 16500 | S77: =F77+G77+H77+I77+J77+K77+L77+M77+N77+ O77+P77+Q77+R77 -> 206800
A78: 76 | B78: 4971710561227 | C78: YNRF851 | D78: VISEE | E78: VISEE NENMAKU FAKE ROUGE PK851 | G78: 18480 | H78: 18480 | I78: 40040 | J78: 7700 | L78: 51590 | M78: 30800 | N78: 9240 | O78: 32340 | P78: 50820 | Q78: 5390 | R78: 23100 | S78: =F78+G78+H78+I78+J78+K78+L78+M78+N78+ O78+P78+Q78+R78 -> 287980
A79: 77 | B79: 4971710588118 | C79: YNRE801 | D79: VISEE | E79: VISEE ESSENCE LIP PLUMPER PK801 | J79: 214500 | K79: 30030 | L79: 3575 | M79: 4290 | N79: 4290 | O79: 4290 | R79: 1430 | S79: =F79+G79+H79+I79+J79+K79+L79+M79+N79+ O79+P79+Q79+R79 -> 262405
A80: 78 | B80: 4971710580471 | C80: DXAO001 | D80: FASIO | E80: FASIO LASH PERM MASCARA SKINNY 01 | J80: 19800 | L80: 79200 | M80: 1320 | N80: 21120 | O80: 7920 | P80: 39600 | Q80: 3960 | R80: 69300 | S80: =F80+G80+H80+I80+J80+K80+L80+M80+N80+ O80+P80+Q80+R80 -> 242220
A81: 79 | B81: 4971710566147 | C81: DXYX002 | D81: FASIO | E81: FASIO WATERPROOF EYEBROW SLIM 02 | G81: 16500 | H81: 5500 | J81: 16500 | L81: 83600 | N81: 1100 | O81: 550 | P81: 44000 | Q81: 3300 | R81: 24200 | S81: =F81+G81+H81+I81+J81+K81+L81+M81+N81+ O81+P81+Q81+R81 -> 195250
A82: 80 | B82: 4971710588163 | C82: DLSC | D82: MAKE KEEP | E82: SUPER UV PROTECTOR | O82: 22880 | Q82: 87230 | R82: 143000 | S82: =F82+G82+H82+I82+J82+K82+L82+M82+N82+ O82+P82+Q82+R82 -> 253110
A83: 81 | B83: 4971710561258 | C83: YNRF350 | D83: VISEE | E83: VISEE NENMAKU FAKE ROUGE BR350 | G83: 18480 | H83: 18480 | I83: 1540 | J83: 30800 | K83: 24640 | L83: 63910 | M83: 10780 | N83: 6160 | O83: 27720 | P83: 63140 | Q83: 3850 | R83: 1540 | S83: =F83+G83+H83+I83+J83+K83+L83+M83+N83+ O83+P83+Q83+R83 -> 271040
A84: 82 | B84: 4971710513615 | C84: DXQT001 | D84: FASIO | E84: FASIO EYEBROW PENCIL 01 | G84: 9060 | J84: 9060 | L84: 35031 | O84: 1812 | Q84: 21744 | R84: 28388 | S84: =F84+G84+H84+I84+J84+K84+L84+M84+N84+ O84+P84+Q84+R84 -> 105095
A85: 83 | B85: 4971710582857 | C85: YNRE200 | D85: VISEE | E85: VISEE ESSENCE LIP PLUMPER OR200 | G85: 35750 | H85: 7150 | I85: 29315 | J85: 715 | L85: 107250 | M85: 54340 | N85: 5720 | O85: 4290 | P85: 1430 | R85: 1430 | S85: =F85+G85+H85+I85+J85+K85+L85+M85+N85+ O85+P85+Q85+R85 -> 247390
A86: 84 | B86: 4971710595512 | C86: YNXX003 | D86: VISEE | E86: VISEE W MOOD EYES GY-3 | M86: 37730 | N86: 51590 | O86: 77000 | P86: 46200 | Q86: 46200 | S86: =F86+G86+H86+I86+J86+K86+L86+M86+N86+ O86+P86+Q86+R86 -> 258720
A87: 85 | B87: 4971710513684 | C87: DXQY002 | D87: FASIO | E87: FASIO PENCIL EYELINER 02 | G87: 16500 | J87: 16500 | L87: 66000 | M87: 11000 | O87: 3300 | P87: 33000 | R87: 35200 | S87: =F87+G87+H87+I87+J87+K87+L87+M87+N87+ O87+P87+Q87+R87 -> 181500
A88: 86 | B88: 4971710592962 | C88: YNGC002 | D88: VISEE | E88: VISEE COLOR DUO TRICK CONCEALER 02 | L88: 39325 | M88: 81675 | N88: 38720 | O88: 7260 | P88: 21175 | Q88: 8470 | R88: 1210 | S88: =F88+G88+H88+I88+J88+K88+L88+M88+N88+ O88+P88+Q88+R88 -> 197835
A89: 87 | B89: 4971710556834 | C89: YNFB002 | D89: VISEE | E89: VISEE GLOW BALM FOUNDATION 02 | G89: 4950 | H89: 14850 | I89: 54450 | J89: 14850 | K89: 64350 | L89: 49500 | M89: 18810 | N89: 1980 | O89: 31680 | P89: 54450 | Q89: 6930 | R89: 3960 | S89: =F89+G89+H89+I89+J89+K89+L89+M89+N89+ O89+P89+Q89+R89 -> 320760
A90: 88 | B90: 4971710588132 | C90: YNRE003 | D90: VISEE | E90: VISEE ESSENCE LIP PLUMPER SP003 | J90: 0 | K90: 0 | M90: 214500 | Q90: 14300 | S90: =F90+G90+H90+I90+J90+K90+L90+M90+N90+ O90+P90+Q90+R90 -> 228800
A91: 89 | B91: 4971710569186 | C91: DXFX001 | D91: FASIO | E91: FASIO AIRY STAY BB TINT MOIST 01 | F91: 6600 | G91: 19800 | H91: 6600 | I91: 3300 | J91: 6600 | K91: 36300 | L91: 27720 | O91: 27720 | P91: 34320 | R91: 42240 | S91: =F91+G91+H91+I91+J91+K91+L91+M91+N91+ O91+P91+Q91+R91 -> 211200
A92: 90 | B92: 4971710590067 | C92: YNCT003 | D92: VISEE | E92: VISEE 3D GLITTER EYE LIQUID PK-3 | J92: 231000 | N92: 3850 | P92: 1540 | Q92: 7700 | S92: =F92+G92+H92+I92+J92+K92+L92+M92+N92+ O92+P92+Q92+R92 -> 244090
A93: 91 | B93: 4971710571851 | C93: YNRE100 | D93: VISEE | E93: VISEE ESSENCE LIP PLUMPER PU100 | H93: 221650 | I93: 3575 | J93: 0 | K93: 0 | S93: =F93+G93+H93+I93+J93+K93+L93+M93+N93+ O93+P93+Q93+R93 -> 225225
A94: 92 | B94: 4971710595505 | C94: YNXX002 | D94: VISEE | E94: VISEE W MOOD EYES BR-2 | M94: 30030 | N94: 88550 | O94: 61600 | P94: 46200 | Q94: 15400 | S94: =F94+G94+H94+I94+J94+K94+L94+M94+N94+ O94+P94+Q94+R94 -> 241780
A95: 93 | B95: 4971710590043 | C95: YNCT004 | D95: VISEE | E95: VISEE 3D GLITTER EYE LIQUID OR-4 | J95: 231000 | M95: 1540 | N95: 1540 | P95: 1540 | Q95: 3850 | S95: =F95+G95+H95+I95+J95+K95+L95+M95+N95+ O95+P95+Q95+R95 -> 239470
A96: 94 | B96: 4971710590036 | C96: YNCT001 | D96: VISEE | E96: VISEE 3D GLITTER EYE LIQUID WT-1 | J96: 231000 | K96: 1540 | N96: 1540 | P96: 1540 | R96: 3850 | S96: =F96+G96+H96+I96+J96+K96+L96+M96+N96+ O96+P96+Q96+R96 -> 239470
A97: 95 | B97: 4971710489200 | C97: YNCG010 | D97: VISEE | E97: VISEE LIP & CHEEK CREAM N SP-10 | I97: 27500 | J97: 110000 | L97: 11000 | N97: 5500 | O97: 5500 | Q97: 11000 | S97: =F97+G97+H97+I97+J97+K97+L97+M97+N97+ O97+P97+Q97+R97 -> 170500
A98: 96 | B98: 4971710591088 | C98: YNRF352 | D98: VISEE | E98: VISEE NENMAKU FAKE ROUGE BR352 | J98: 0 | K98: 0 | M98: 231000 | N98: 4620 | S98: =F98+G98+H98+I98+J98+K98+L98+M98+N98+ O98+P98+Q98+R98 -> 235620
A99: 97 | B99: 4971710591095 | C99: YNRF651 | D99: VISEE | E99: VISEE NENMAKU FAKE ROUGE RO651 | M99: 231000 | N99: 4620 | S99: =F99+G99+H99+I99+J99+K99+L99+M99+N99+ O99+P99+Q99+R99 -> 235620
A100: 98 | B100: 4971710484274 | C100: YNYK007 | D100: VISEE | E100: VISEE GEMMY RICH EYES GY-7 | I100: 101640 | J100: 71940 | K100: 27720 | S100: =F100+G100+H100+I100+J100+K100+L100+M100+N100+ O100+P100+Q100+R100 -> 201300
...

Sheet グラフ作成用
A1: No. | B1: JANコード | C1: 商品符号 | D1: 商品名称 | E1: 45658 | F1: 45690 | G1: 45722 | H1: 45754 | I1: 45786 | J1: 45818 | K1: 45848 | L1: 45880 | M1: 45912
A2: 合計 | D2: 合計 | E2: 30890.606 | F2: 20628.74 | G2: 17188.097 | H2: 28318.053 | I2: 66469.658 | J2: 21138.327 | K2: 50492.853 | L2: 39510.954 | M2: 165876.9
A3: 1 | B3: 4971710576306 | C3: DLEA | D3: MAKE KEEP MIST EX + | E3: 1333.2 | F3: 2360.82 | G3: 5488.56 | H3: 8102.16 | I3: 13332.66 | J3: 9139.68 | K3: 20606.52 | L3: 6600 | M3: 42472.32
A4: 2 | B4: 4971710565065 | C4: MUSC | D4: ONE BY KOSE SERUM SHIELD | E4: 9190.5 | F4: 7312.25 | G4: 2546.5 | H4: 6083 | I4: 16464.25 | J4: 3080 | K4: 7144.5 | L4: 4675 | M4: 45254

Sheet 価格設定
K1: 単位：元
A2: No. | B2: 商品符号 | C2: 商品名称 | D2: 日本定価 （円） | E2: 中国KOSE | G2: Tmall旗艦店 | I2: Douyin旗艦店 | K2: WeChat
E3: 定価 | F3: 最低 | G3: 定価 | H3: 最低 | I3: 定価 | J3: 最低 | K3: 最高 | L3: 最低
A4: 1 | B4: DLEA | C4: MAKE KEEP MIST EX + | D4: 1200 | E4: 89 | F4: 55 | G4: 89 | H4: 69 | I4: 89 | J4: 69 | K4: 82 | L4: 69
A5: 2 | B5: MUSC | C5: ONE BY KOSE SERUM SHIELD | D5: 5000 | E5: 280 | F5: Online未導入 | G5: 279 | H5: 199 | I5: 279 | J5: 199 | K5: 259 | L5: 239
