Workbook

Sheet 2025累計
A1: No. | B1: JANコード | C1: 商品符号 | D1: ブランド | E1: 商品名称 | F1: 2501 | H1: 2502 | J1: 2503 | L1: 2504 | N1: 2505 | P1: 2506 | R1: 2507 | T1: 2508 | V1: 2509 | X1: 2510 | Z1: 2511 | AB1: 2512 | AD1: 合計 | AG1: 商品符号
F2: 数量 | G2: 金額 | H2: 数量 | I2: 金額 | J2: 数量 | K2: 金額 | L2: 数量 | M2: 金額 | N2: 数量 | O2: 金額 | P2: 数量 | Q2: 金額 | R2: 数量 | S2: 金額 | T2: 数量 | U2: 金額 | V2: 数量 | W2: 金額 | X2: 数量 | Y2: 金額 | Z2: 数量 | AA2: 金額 | AB2: 数量 | AC2: 金額 | AD2: 数量 | AE2: 金額
A3: 1 | B3: 4971710576306 | C3: DLEA | D3: MKM | E3: MAKE KEEP MIST EX + | F3: 2020 | G3: 1333200 | H3: 2944 | I3: 1631520 | J3: 8316 | K3: 5488560 | L3: 12276 | M3: 8102160 | N3: 20201 | O3: 13332660 | P3: 13848 | Q3: 9139680 | R3: 31222 | S3: 20606520 | T3: 26000 | U3: 17160000 | V3: 64352 | W3: 42472320 | AD3: =F3+H3+J3+L3+N3+P3+R3+T3+V3+X3+Z3+AB3 -> 181179 | AE3: =G3+I3+K3+M3+O3+Q3+S3+U3+W3+Y3+AA3+AC3 -> 119266620 | AG3: DLEA
A4: 2 | B4: 4971710565065 | C4: MUSC | D4: ONE BY KOSE | E4: ONE BY KOSE SERUM SHIELD | F4: 3342 | G4: 9190500 | H4: 3836 | I4: 5714500 | J4: 926 | K4: 2546500 | L4: 2212 | M4: 6083000 | N4: 5987 | O4: 16464250 | P4: 1120 | Q4: 3080000 | R4: 2598 | S4: 7144500 | T4: 1700 | U4: 4675000 | V4: 16456 | W4: 45254000 | AD4: =F4+H4+J4+L4+N4+P4+R4+T4+V4+X4+Z4+AB4 -> 38177 | AE4: =G4+I4+K4+M4+O4+Q4+S4+U4+W4+Y4+AA4+AC4 -> 100152250 | AG4: MUSC
A5: 3 | B5: 4971710574852 | C5: MUCI | D5: ONE BY KOSE | E5: ONE BY KOSE PORE CLEAR OIL（Refill） | F5: 610 | G5: 503250 | H5: 1724 | I5: 740850 | J5: 478 | K5: 394350 | L5: 2550 | M5: 2103750 | N5: 4650 | O5: 3836250 | P5: 360 | Q5: 297000 | R5: 4106 | S5: 3387450 | T5: 3695 | U5: 3048375 | V5: 16985 | W5: 14012625 | AD5: =F5+H5+J5+L5+N5+P5+R5+T5+V5+X5+Z5+AB5 -> 35158 | AE5: =G5+I5+K5+M5+O5+Q5+S5+U5+W5+Y5+AA5+AC5 -> 28323900 | AG5: MUCI
A6: 4 | B6: 4971710598711 | C6: DLFP | D6: MKM | E6: MAKE KEEP POWDER ＥＸ | P6: 1152 | Q6: 798336 | R6: 7714 | S6: 5345802 | T6: 11620 | U6: 8052660 | V6: 2976 | W6: 2062368 | AB6: 96 | AC6: 66528 | AD6: =F6+H6+J6+L6+N6+P6+R6+T6+V6+X6+Z6+AB6 -> 23558 | AE6: =G6+I6+K6+M6+O6+Q6+S6+U6+W6+Y6+AA6+AC6 -> 16325694 | AG6: DLIB
A7: 5 | B7: 4971710511505 | C7: DLIB | D7: CCS | E7: CURL KEEP MAGIC | F7: 2800 | G7: 1386000 | H7: 6000 | I7: 1485000 | L7: 2000 | M7: 990000 | N7: 50 | O7: 24750 | R7: 3550 | S7: 1757250 | T7: 2000 | U7: 990000 | V7: 5000 | W7: 2475000 | AD7: =F7+H7+J7+L7+N7+P7+R7+T7+V7+X7+Z7+AB7 -> 21400 | AE7: =G7+I7+K7+M7+O7+Q7+S7+U7+W7+Y7+AA7+AC7 -> 9108000 | AG7: DLFP
A8: 6 | B8: 4971710580044 | C8: DLCE | D8: MKM | E8: MAKE KEEP PRIMER COOL | N8: 60 | O8: 39600 | P8: 1240 | Q8: 818400 | R8: 4000 | S8: 2640000 | T8: 2500 | U8: 1650000 | AD8: =F8+H8+J8+L8+N8+P8+R8+T8+V8+X8+Z8+AB8 -> 7800 | AE8: =G8+I8+K8+M8+O8+Q8+S8+U8+W8+Y8+AA8+AC8 -> 5148000 | AG8: DLCH
A9: 7 | B9: 4971710590500 | C9: DLCH | D9: MKM | E9: MAKE KEEP MIST EX + SAKURA CHERRY | L9: 3600 | M9: 2376000 | N9: 3000 | O9: 1980000 | R9: 100 | S9: 66000 | AD9: =F9+H9+J9+L9+N9+P9+R9+T9+V9+X9+Z9+AB9 -> 6700 | AE9: =G9+I9+K9+M9+O9+Q9+S9+U9+W9+Y9+AA9+AC9 -> 4422000 | AG9: DLCC
A10: 8 | B10: 4971710579291 | C10: DLCC | D10: MKM | E10: MAKE KEEP MIST EX + COOL | N10: 5712 | O10: 3769920 | P10: 744 | Q10: 491040 | AD10: =F10+H10+J10+L10+N10+P10+R10+T10+V10+X10+Z10+AB10 -> 6456 | AE10: =G10+I10+K10+M10+O10+Q10+S10+U10+W10+Y10+AA10+AC10 -> 4260960 | AG10: YNRE001
A11: 9 | B11: 4971710551006 | C11: YNRE001 | D11: VISEE | E11: VISEE ESSENCE LIP PLUMPER SP001 | F11: 1296 | G11: 926640 | H11: 1252 | I11: 447590 | J11: 842 | K11: 602030 | L11: 36 | M11: 25740 | N11: 518 | O11: 370370 | P11: 72 | Q11: 51480 | R11: 354 | S11: 253110 | T11: 600 | U11: 429000 | V11: 1974 | W11: 1411410 | AD11: =F11+H11+J11+L11+N11+P11+R11+T11+V11+X11+Z11+AB11 -> 6944 | AE11: =G11+I11+K11+M11+O11+Q11+S11+U11+W11+Y11+AA11+AC11 -> 4517370 | AG11: DLCE
A12: 10 | B12: 4971710595789 | C12: MUCF | D12: ONE BY KOSE | E12: ONE BY KOSE PORE CLEAR SCRUB WASH | N12: 748 | O12: 740520 | R12: 1150 | S12: 1138500 | V12: 3800 | W12: 3762000 | AD12: =F12+H12+J12+L12+N12+P12+R12+T12+V12+X12+Z12+AB12 -> 5698 | AE12: =G12+I12+K12+M12+O12+Q12+S12+U12+W12+Y12+AA12+AC12 -> 5641020 | AG12: YNCF
A13: 11 | B13: 4971710571837 | C13: YNRE300 | D13: VISEE | E13: VISEE ESSENCE LIP PLUMPER BE300 | F13: 920 | G13: 657800 | H13: 1656 | I13: 592020 | J13: 742 | K13: 530530 | L13: 24 | M13: 17160 | P13: 50 | Q13: 35750 | R13: 12 | S13: 8580 | T13: 42 | U13: 30030 | V13: 798 | W13: 570570 | AB13: 555 | AC13: 396825 | AD13: =F13+H13+J13+L13+N13+P13+R13+T13+V13+X13+Z13+AB13 -> 4799 | AE13: =G13+I13+K13+M13+O13+Q13+S13+U13+W13+Y13+AA13+AC13 -> 2839265 | AG13: YNRE300
A14: 12 | B14: 4971710580600 | C14: MTSW | D14: SEKKISEI | E14: SEKKISEI BRIGHTENING ESSENCE LOTION | N14: 660 | O14: 1706100 | R14: 302 | S14: 780670 | T14: 858 | U14: 2217930 | V14: 1510 | W14: 3903350 | AB14: 620 | AC14: 1670900 | AD14: =F14+H14+J14+L14+N14+P14+R14+T14+V14+X14+Z14+AB14 -> 3950 | AE14: =G14+I14+K14+M14+O14+Q14+S14+U14+W14+Y14+AA14+AC14 -> 10278950 | AG14: DLCJ
A15: 13 | B15: 4971710590524 | C15: DLCJ | D15: MKM | E15: MAKE KEEP POWDER SAKURA CHERRY | L15: 356 | M15: 234960 | N15: 2700 | O15: 1782000 | R15: 700 | S15: 462000 | AD15: =F15+H15+J15+L15+N15+P15+R15+T15+V15+X15+Z15+AB15 -> 3756 | AE15: =G15+I15+K15+M15+O15+Q15+S15+U15+W15+Y15+AA15+AC15 -> 2478960 | AG15: MUCH
A16: 14 | B16: 4971710577341 | C16: MUXA | D16: ONE BY KOSE | E16: ONE BY KOSE SERUM VEIL DEEP REPAIR | F16: 388 | G16: 1067000 | H16: 406 | I16: 574750 | J16: 198 | K16: 544500 | L16: 80 | M16: 220000 | N16: 774 | O16: 2128500 | P16: 54 | Q16: 148500 | R16: 44 | S16: 121000 | T16: 250 | U16: 687500 | V16: 678 | W16: 1864500 | AB16: 480 | AC16: 1425600 | AD16: =F16+H16+J16+L16+N16+P16+R16+T16+V16+X16+Z16+AB16 -> 3352 | AE16: =G16+I16+K16+M16+O16+Q16+S16+U16+W16+Y16+AA16+AC16 -> 8781850 | AG16: DLEB
A17: 15 | B17: 4971710546071 | C17: MUZU | D17: ONE BY KOSE | E17: ONE BY KOSE DEEP HYDRATOR | F17: 488 | G17: 778360 | H17: 272 | I17: 236060 | J17: 154 | K17: 245630 | L17: 122 | M17: 194590 | N17: 600 | O17: 957000 | P17: 30 | Q17: 47850 | R17: 6 | S17: 9570 | T17: 290 | U17: 462550 | V17: 952 | W17: 1518440 | AB17: 240 | AC17: 382800 | AD17: =F17+H17+J17+L17+N17+P17+R17+T17+V17+X17+Z17+AB17 -> 3154 | AE17: =G17+I17+K17+M17+O17+Q17+S17+U17+W17+Y17+AA17+AC17 -> 4832850 | AG17: YNXX006
A18: 16 | B18: 4971710580396 | C18: MUXD | D18: ONE BY KOSE | E18: ONE BY KOSE SERUM VEIL DEEP REPAIR | F18: 320 | G18: 1460800 | H18: 464 | I18: 1168640 | J18: 310 | K18: 1415150 | L18: 120 | M18: 547800 | N18: 531 | O18: 2424015 | P18: 80 | Q18: 365200 | R18: 6 | S18: 27390 | T18: 200 | U18: 913000 | V18: 1102 | W18: 5030630 | AB18: 48 | AC18: 237600 | AD18: =F18+H18+J18+L18+N18+P18+R18+T18+V18+X18+Z18+AB18 -> 3181 | AE18: =G18+I18+K18+M18+O18+Q18+S18+U18+W18+Y18+AA18+AC18 -> 13590225 | AG18: MUCF
A19: 17 | B19: 4971710539189 | C19: YNCF | D19: VISEE | E19: VISEE RED TRICK EYE CONCEALER | F19: 1329 | G19: 804045 | H19: 904 | I19: 273460 | J19: 302 | K19: 182710 | L19: 24 | M19: 14520 | N19: 802 | O19: 485210 | P19: 53 | Q19: 32065 | AD19: =F19+H19+J19+L19+N19+P19+R19+T19+V19+X19+Z19+AB19 -> 3414 | AE19: =G19+I19+K19+M19+O19+Q19+S19+U19+W19+Y19+AA19+AC19 -> 1792010 | AG19: DLEP
A20: 18 | B20: 4971710576573 | C20: DLEB | D20: MKM | E20: MAKE KEEP MIST EX +＜35mL＞ | F20: 882 | G20: 388080 | H20: 232 | I20: 51040 | J20: 11 | K20: 4840 | L20: 502 | M20: 220880 | N20: 28 | O20: 12320 | P20: 168 | Q20: 73920 | R20: 152 | S20: 66880 | T20: 192 | U20: 84480 | V20: 810 | W20: 356400 | AB20: 83 | AC20: 39259 | AD20: =F20+H20+J20+L20+N20+P20+R20+T20+V20+X20+Z20+AB20 -> 3060 | AE20: =G20+I20+K20+M20+O20+Q20+S20+U20+W20+Y20+AA20+AC20 -> 1298099 | AG20: MUXA
A21: 19 | B21: 4971710588163 | C21: DLSC | D21: CCS | E21: SUPER UV PROTECTOR | L21: 32 | M21: 22880 | P21: 122 | Q21: 87230 | R21: 200 | S21: 143000 | T21: 20 | U21: 14300 | V21: 2483 | W21: 1775345 | AB21: 30 | AC21: 21450 | AD21: =F21+H21+J21+L21+N21+P21+R21+T21+V21+X21+Z21+AB21 -> 2887 | AE21: =G21+I21+K21+M21+O21+Q21+S21+U21+W21+Y21+AA21+AC21 -> 2064205 | AG21: =VLOOKUP(AF21,[1]OBK!$E:$F,2,0) -> 0
A22: 20 | B22: 4971710595543 | C22: YNXX006 | D22: VISEE | E22: VISEE W MOOD EYES BL-6 | H22: 1080 | I22: 415800 | J22: 400 | K22: 308000 | L22: 490 | M22: 377300 | N22: 365 | O22: 281050 | P22: 358 | Q22: 275660 | R22: 90 | S22: 69300 | T22: 50 | U22: 38500 | V22: 210 | W22: 161700 | AB22: 120 | AC22: 92400 | AD22: =F22+H22+J22+L22+N22+P22+R22+T22+V22+X22+Z22+AB22 -> 3163 | AE22: =G22+I22+K22+M22+O22+Q22+S22+U22+W22+Y22+AA22+AC22 -> 2019710 | AG22: MUXD
A23: 21 | B23: 4971710576641 | C23: MUPE | D23: ONE BY KOSE | E23: ONE BY KOSE CLEAR PEEL SERUM | F23: 130 | G23: 235950 | H23: 124 | I23: 123420 | J23: 74 | K23: 134310 | L23: 135 | M23: 245025 | N23: 634 | O23: 1150710 | P23: 80 | Q23: 145200 | R23: 2 | S23: 3630 | T23: 126 | U23: 228690 | V23: 1282 | W23: 2326830 | AD23: =F23+H23+J23+L23+N23+P23+R23+T23+V23+X23+Z23+AB23 -> 2587 | AE23: =G23+I23+K23+M23+O23+Q23+S23+U23+W23+Y23+AA23+AC23 -> 4593765 | AG23: YNYK005
A24: 22 | B24: 4971710549812 | C24: MSYN | D24: VISEE | E24: ONE BY KOSE MELANOSHOT W | F24: 120 | G24: 455400 | H24: 192 | I24: 409860 | J24: 139 | K24: 527505 | L24: 170 | M24: 645150 | N24: 157 | O24: 595815 | P24: 104 | Q24: 394680 | R24: 190 | S24: 721050 | T24: 260 | U24: 986700 | V24: 1196 | W24: 4538820 | AD24: =F24+H24+J24+L24+N24+P24+R24+T24+V24+X24+Z24+AB24 -> 2528 | AE24: =G24+I24+K24+M24+O24+Q24+S24+U24+W24+Y24+AA24+AC24 -> 9274980 | AG24: MUPE
A25: 23 | B25: 4971710580372 | C25: MUXC | D25: ONE BY KOSE | E25: ONE BY KOSE SERUM VEIL DEEP REPAIR | F25: 320 | G25: 844800 | H25: 266 | I25: 359040 | J25: 68 | K25: 179520 | L25: 50 | M25: 132000 | P25: 628 | Q25: 1657920 | R25: 68 | S25: 179520 | T25: 120 | U25: 316800 | V25: 848 | W25: 2238720 | AB25: 60 | AC25: 171600 | AD25: =F25+H25+J25+L25+N25+P25+R25+T25+V25+X25+Z25+AB25 -> 2428 | AE25: =G25+I25+K25+M25+O25+Q25+S25+U25+W25+Y25+AA25+AC25 -> 6079920 | AG25: DXPO000
A26: 24 | B26: 4971710557787 | C26: DXPO000 | D26: FASIO | E26: FASIO PORE SMOOTH PRIMER 00 | F26: 224 | G26: 110880 | H26: 12 | I26: 2970 | J26: 150 | K26: 74250 | L26: 282 | M26: 139590 | N26: 150 | O26: 74250 | P26: 62 | Q26: 30690 | R26: 226 | S26: 111870 | T26: 302 | U26: 149490 | V26: 548 | W26: 271260 | AB26: 312 | AC26: 154440 | AD26: =F26+H26+J26+L26+N26+P26+R26+T26+V26+X26+Z26+AB26 -> 2268 | AE26: =G26+I26+K26+M26+O26+Q26+S26+U26+W26+Y26+AA26+AC26 -> 1119690 | AG26: MUXC
A27: 25 | B27: 4971710549782 | C27: MSYJ | D27: ONE BY KOSE | E27: ONE BY KOSE MELANOSHOT W | F27: 230 | G27: 670450 | H27: 100 | I27: 145750 | J27: 118 | K27: 343970 | L27: 100 | M27: 291500 | N27: 60 | O27: 174900 | P27: 88 | Q27: 256520 | R27: 197 | S27: 574255 | T27: 235 | U27: 685025 | V27: 1171 | W27: 3413465 | AD27: =F27+H27+J27+L27+N27+P27+R27+T27+V27+X27+Z27+AB27 -> 2299 | AE27: =G27+I27+K27+M27+O27+Q27+S27+U27+W27+Y27+AA27+AC27 -> 6555835 | AG27: MUPD
A28: 26 | B28: 4971710522839 | C28: DLID | D28: CCS | E28: CURL KEEP MAGIC ESSENCE REMOVER | F28: 120 | G28: 52800 | J28: 160 | K28: 70400 | L28: 200 | M28: 88000 | R28: 300 | S28: 132000 | T28: 300 | U28: 132000 | V28: 1100 | W28: 484000 | AD28: =F28+H28+J28+L28+N28+P28+R28+T28+V28+X28+Z28+AB28 -> 2180 | AE28: =G28+I28+K28+M28+O28+Q28+S28+U28+W28+Y28+AA28+AC28 -> 959200 | AG28: YNGC001
A29: 27 | B29: 4971710592955 | C29: YNGC001 | D29: VISEE | E29: VISEE COLOR DUO TRICK CONCEALER 01 | F29: 65 | G29: 39325 | H29: 650 | I29: 196625 | J29: 39 | K29: 23595 | L29: 341 | M29: 206305 | N29: 32 | O29: 19360 | R29: 436 | S29: 263780 | T29: 30 | U29: 18150 | AB29: 786 | AC29: 475530 | AD29: =F29+H29+J29+L29+N29+P29+R29+T29+V29+X29+Z29+AB29 -> 2379 | AE29: =G29+I29+K29+M29+O29+Q29+S29+U29+W29+Y29+AA29+AC29 -> 1242670 | AG29: MSYN
A30: 28 | B30: 4971710573992 | C30: MTSE | D30: SEKKISEI | E30: SEKKISEI BRIGHTENING ESSENCE LOTION | N30: 237 | O30: 703890 | P30: 20 | Q30: 59400 | R30: 150 | S30: 445500 | T30: 635 | U30: 1885950 | V30: 903 | W30: 2681910 | AB30: 79 | AC30: 252010 | AD30: =F30+H30+J30+L30+N30+P30+R30+T30+V30+X30+Z30+AB30 -> 2024 | AE30: =G30+I30+K30+M30+O30+Q30+S30+U30+W30+Y30+AA30+AC30 -> 6028660 | AG30: MUWI
A31: 29 | B31: 4971710573855 | C31: MTSC | D31: SEKKISEI | E31: SEKKISEI BRIGHTENING ESSENCE LOTION | N31: 270 | O31: 519750 | R31: 162 | S31: 311850 | T31: 372 | U31: 716100 | V31: 915 | W31: 1761375 | AB31: 129 | AC31: 269610 | AD31: =F31+H31+J31+L31+N31+P31+R31+T31+V31+X31+Z31+AB31 -> 1848 | AE31: =G31+I31+K31+M31+O31+Q31+S31+U31+W31+Y31+AA31+AC31 -> 3578685 | AG31: MSYJ
A32: 30 | B32: 4971710576634 | C32: MUPD | D32: ONE BY KOSE | E32: ONE BY KOSE CLEAR PEEL SERUM | F32: 195 | G32: 375375 | H32: 152 | I32: 157850 | J32: 6 | K32: 11550 | L32: 70 | M32: 134750 | N32: 597 | O32: 1149225 | P32: 18 | Q32: 34650 | R32: 16 | S32: 30800 | T32: 120 | U32: 231000 | V32: 656 | W32: 1262800 | AB32: 61 | AC32: 117425 | AD32: =F32+H32+J32+L32+N32+P32+R32+T32+V32+X32+Z32+AB32 -> 1891 | AE32: =G32+I32+K32+M32+O32+Q32+S32+U32+W32+Y32+AA32+AC32 -> 3505425 | AG32: YNBX
A33: 31 | B33: 4971710571868 | C33: MTSD | D33: SEKKISEI | E33: SEKKISEI BRIGHTENING EMULSION | N33: 274 | O33: 572660 | P33: 20 | Q33: 41800 | R33: 6 | S33: 12540 | T33: 600 | U33: 1254000 | V33: 683 | W33: 1427470 | AB33: 205 | AC33: 462275 | AD33: =F33+H33+J33+L33+N33+P33+R33+T33+V33+X33+Z33+AB33 -> 1788 | AE33: =G33+I33+K33+M33+O33+Q33+S33+U33+W33+Y33+AA33+AC33 -> 3770745 | AG33: MSYK
A34: 32 | B34: 4971710561395 | C34: MUCH | D34: ONE BY KOSE | E34: ONE BY KOSE PORE CLEAR OIL | F34: 394 | G34: 390060 | H34: 480 | I34: 249480 | J34: 250 | K34: 247500 | L34: 676 | M34: 669240 | P34: 131 | Q34: 129690 | T34: 6 | U34: 5940 | V34: 6 | W34: 5940 | AD34: =F34+H34+J34+L34+N34+P34+R34+T34+V34+X34+Z34+AB34 -> 1943 | AE34: =G34+I34+K34+M34+O34+Q34+S34+U34+W34+Y34+AA34+AC34 -> 1697850 | AG34: DLID
A35: 33 | B35: 4971710568899 | C35: MUWI | D35: ONE BY KOSE | E35: ONE BY KOSE WRINKLE DOUBLE REPAIR | F35: 30 | G35: 44550 | H35: 156 | I35: 124740 | J35: 112 | K35: 166320 | L35: 46 | M35: 68310 | N35: 626 | O35: 929610 | P35: 60 | Q35: 89100 | R35: 2 | S35: 2970 | T35: 48 | U35: 71280 | V35: 646 | W35: 959310 | AB35: 100 | AC35: 148500 | AD35: =F35+H35+J35+L35+N35+P35+R35+T35+V35+X35+Z35+AB35 -> 1826 | AE35: =G35+I35+K35+M35+O35+Q35+S35+U35+W35+Y35+AA35+AC35 -> 2604690 | AG35: DXJC002
A36: 34 | B36: 4971710549805 | C36: MSYK | D36: ONE BY KOSE | E36: ONE BY KOSE MELANOSHOT W | F36: 317 | G36: 871750 | H36: 124 | I36: 203500 | J36: 70 | K36: 192500 | L36: 30 | M36: 82500 | N36: 311 | O36: 855250 | P36: 6 | Q36: 16500 | R36: 47 | S36: 129250 | V36: 649 | W36: 1784750 | AD36: =F36+H36+J36+L36+N36+P36+R36+T36+V36+X36+Z36+AB36 -> 1554 | AE36: =G36+I36+K36+M36+O36+Q36+S36+U36+W36+Y36+AA36+AC36 -> 4136000 | AG36: YNST300
A37: 35 | B37: 4971710581928 | C37: MTSX | D37: SEKKISEI | E37: SEKKISEI BRIGHTENING EMULSION | N37: 462 | O37: 813120 | P37: 20 | Q37: 35200 | R37: 12 | S37: 21120 | T37: 320 | U37: 563200 | V37: 508 | W37: 894080 | AB37: 177 | AC37: 330990 | AD37: =F37+H37+J37+L37+N37+P37+R37+T37+V37+X37+Z37+AB37 -> 1499 | AE37: =G37+I37+K37+M37+O37+Q37+S37+U37+W37+Y37+AA37+AC37 -> 2657710 | AG37: =VLOOKUP(AF37,[2]SEK!$E:$F,2,0) -> 0
A38: 36 | B38: 4971710556827 | C38: YNFB001 | D38: VISEE | E38: VISEE GLOW BALM FOUNDATION 01 | F38: 65 | G38: 64350 | H38: 204 | I38: 100980 | J38: 230 | K38: 227700 | L38: 30 | M38: 29700 | N38: 62 | O38: 61380 | P38: 9 | Q38: 8910 | R38: 4 | S38: 3960 | T38: 60 | U38: 59400 | V38: 475 | W38: 470250 | AB38: 154 | AC38: 152460 | AD38: =F38+H38+J38+L38+N38+P38+R38+T38+V38+X38+Z38+AB38 -> 1293 | AE38: =G38+I38+K38+M38+O38+Q38+S38+U38+W38+Y38+AA38+AC38 -> 1179090 | AG38: YNFB001
A39: 37 | B39: 4971710524055 | C39: YNBX | D39: VISEE | E39: VISEE EYEBROW ENHANCER | F39: 291 | G39: 176055 | H39: 244 | I39: 73810 | J39: 250 | K39: 151250 | L39: 6 | M39: 3630 | N39: 40 | O39: 24200 | P39: 100 | Q39: 60500 | R39: 40 | S39: 24200 | T39: 100 | U39: 60500 | V39: 200 | W39: 121000 | AB39: 140 | AC39: 84700 | AD39: =F39+H39+J39+L39+N39+P39+R39+T39+V39+X39+Z39+AB39 -> 1411 | AE39: =G39+I39+K39+M39+O39+Q39+S39+U39+W39+Y39+AA39+AC39 -> 779845 | AG39: =VLOOKUP(AF39,[1]OBK!$E:$F,2,0) -> 0
A40: 38 | B40: 4971710595529 | C40: YNXX004 | D40: VISEE | E40: VISEE W MOOD EYES OR-4 | H40: 58 | I40: 22330 | J40: 136 | K40: 104720 | L40: 174 | M40: 133980 | N40: 165 | O40: 127050 | P40: 242 | Q40: 186340 | R40: 194 | S40: 149380 | V40: 206 | W40: 158620 | AB40: 126 | AC40: 97020 | AD40: =F40+H40+J40+L40+N40+P40+R40+T40+V40+X40+Z40+AB40 -> 1301 | AE40: =G40+I40+K40+M40+O40+Q40+S40+U40+W40+Y40+AA40+AC40 -> 979440 | AG40: YNXX004
A41: 39 | B41: 4971710556865 | C41: YNST300 | D41: VISEE | E41: VISEE SHADE TRICK BR300 | F41: 172 | G41: 151360 | H41: 456 | I41: 200640 | J41: 60 | K41: 52800 | L41: 68 | M41: 59840 | N41: 72 | O41: 63360 | P41: 15 | Q41: 13200 | R41: 108 | S41: 95040 | T41: 20 | U41: 17600 | V41: 312 | W41: 274560 | AB41: 180 | AC41: 158400 | AD41: =F41+H41+J41+L41+N41+P41+R41+T41+V41+X41+Z41+AB41 -> 1463 | AE41: =G41+I41+K41+M41+O41+Q41+S41+U41+W41+Y41+AA41+AC41 -> 1086800 | AG41: DLBK
A42: 40 | B42: 4971710571790 | C42: YNGV002 | D42: VISEE | E42: VISEE NUANCE DEWY CREATOR BE-2 | F42: 15 | G42: 9900 | H42: 624 | I42: 205920 | J42: 150 | K42: 99000 | L42: 138 | M42: 91080 | R42: 8 | S42: 5280 | V42: 556 | W42: 366960 | AB42: 24 | AC42: 15840 | AD42: =F42+H42+J42+L42+N42+P42+R42+T42+V42+X42+Z42+AB42 -> 1515 | AE42: =G42+I42+K42+M42+O42+Q42+S42+U42+W42+Y42+AA42+AC42 -> 793980 | AG42: YNGV002
A43: 41 | B43: 4971710556841 | C43: YNFB000 | D43: VISEE | E43: VISEE GLOW BALM FOUNDATION 00 | F43: 170 | G43: 168300 | H43: 260 | I43: 128700 | J43: 72 | K43: 71280 | L43: 30 | M43: 29700 | N43: 38 | O43: 37620 | P43: 10 | Q43: 9900 | R43: 2 | S43: 1980 | T43: 30 | U43: 29700 | V43: 520 | W43: 514800 | AB43: 50 | AC43: 49500 | AD43: =F43+H43+J43+L43+N43+P43+R43+T43+V43+X43+Z43+AB43 -> 1182 | AE43: =G43+I43+K43+M43+O43+Q43+S43+U43+W43+Y43+AA43+AC43 -> 1041480 | AG43: YNRE900
A44: 42 | B44: 4971710278521 | C44: MUSE | D44: ONE BY KOSE | E44: ONE BY KOSE BALANCING TUNER | J44: 60 | K44: 148500 | N44: 385 | O44: 952875 | R44: 32 | S44: 79200 | T44: 84 | U44: 207900 | V44: 408 | W44: 1009800 | AB44: 120 | AC44: 297000 | AD44: =F44+H44+J44+L44+N44+P44+R44+T44+V44+X44+Z44+AB44 -> 1089 | AE44: =G44+I44+K44+M44+O44+Q44+S44+U44+W44+Y44+AA44+AC44 -> 2695275 | AG44: DXJC001
A45: 43 | B45: 4971710557718 | C45: DXJC002 | D45: FASIO | E45: FASIO AIRY STAY BB TINT UV 02 | F45: 142 | G45: 93720 | H45: 64 | I45: 22440 | J45: 24 | K45: 15840 | L45: 172 | M45: 113520 | N45: 112 | O45: 73920 | R45: 236 | S45: 155760 | T45: 100 | U45: 66000 | V45: 32 | W45: 21120 | AB45: 104 | AC45: 68640 | AD45: =F45+H45+J45+L45+N45+P45+R45+T45+V45+X45+Z45+AB45 -> 986 | AE45: =G45+I45+K45+M45+O45+Q45+S45+U45+W45+Y45+AA45+AC45 -> 630960 | AG45: YNRE002
A46: 44 | B46: 4971710568103 | C46: MSYZ | D46: ONE BY KOSE | E46: ONE BY KOSE MELANOSHOT W MASK | H46: 60 | I46: 82500 | N46: 22 | O46: 60500 | R46: 2 | S46: 5500 | V46: 1008 | W46: 2772000 | AD46: =F46+H46+J46+L46+N46+P46+R46+T46+V46+X46+Z46+AB46 -> 1092 | AE46: =G46+I46+K46+M46+O46+Q46+S46+U46+W46+Y46+AA46+AC46 -> 2920500 | AG46: YNCG009
A47: 45 | B47: 4971710593037 | C47: YNZH001 | D47: VISEE | E47: VISEE TRINITAS GLOW POWDER 01 | F47: 120 | G47: 112200 | H47: 388 | I47: 181390 | J47: 50 | K47: 46750 | L47: 42 | M47: 39270 | N47: 125 | O47: 116875 | R47: 172 | S47: 160820 | T47: 30 | U47: 28050 | V47: 20 | W47: 18700 | AB47: 242 | AC47: 226270 | AD47: =F47+H47+J47+L47+N47+P47+R47+T47+V47+X47+Z47+AB47 -> 1189 | AE47: =G47+I47+K47+M47+O47+Q47+S47+U47+W47+Y47+AA47+AC47 -> 930325 | AG47: MUCP
A48: 46 | B48: 4971710563238 | C48: DLBK | D48: MKM | E48: MAKE KEEP PRIMER | F48: 120 | G48: 79200 | J48: 240 | K48: 158400 | L48: 80 | M48: 52800 | N48: 180 | O48: 118800 | R48: 45 | S48: 29700 | T48: 25 | U48: 16500 | V48: 96 | W48: 63360 | AB48: 200 | AC48: 132000 | AD48: =F48+H48+J48+L48+N48+P48+R48+T48+V48+X48+Z48+AB48 -> 986 | AE48: =G48+I48+K48+M48+O48+Q48+S48+U48+W48+Y48+AA48+AC48 -> 650760 | AG48: YNFB000
A49: 47 | B49: 4971710570250 | C49: MTSU | D49: SEKKISEI | E49: SEKKISEI BRIGHTENING CREAM | N49: 234 | O49: 514800 | V49: 316 | W49: 695200 | AB49: 321 | AC49: 759165 | AD49: =F49+H49+J49+L49+N49+P49+R49+T49+V49+X49+Z49+AB49 -> 871 | AE49: =G49+I49+K49+M49+O49+Q49+S49+U49+W49+Y49+AA49+AC49 -> 1969165 | AG49: YNRF351
A50: 48 | B50: 4971710489194 | C50: YNCG009 | D50: VISEE | E50: VISEE LIP & CHEEK CREAM N BR-9 | F50: 70 | G50: 38500 | H50: 180 | I50: 49500 | N50: 260 | O50: 143000 | P50: 160 | Q50: 88000 | R50: 15 | S50: 8250 | T50: 30 | U50: 16500 | V50: 165 | W50: 90750 | AB50: 80 | AC50: 44000 | AD50: =F50+H50+J50+L50+N50+P50+R50+T50+V50+X50+Z50+AB50 -> 960 | AE50: =G50+I50+K50+M50+O50+Q50+S50+U50+W50+Y50+AA50+AC50 -> 478500 | AG50: YNZH001
A51: 49 | B51: 4971710585278 | C51: MTOL | D51: SEKKISEI | E51: SEKKISEI BRIGHTENING FOAM CLEANSER | N51: 192 | O51: 211200 | R51: 100 | S51: 110000 | V51: 354 | W51: 389400 | AB51: 202 | AC51: 255530 | AD51: =F51+H51+J51+L51+N51+P51+R51+T51+V51+X51+Z51+AB51 -> 848 | AE51: =G51+I51+K51+M51+O51+Q51+S51+U51+W51+Y51+AA51+AC51 -> 966130 | AG51: =VLOOKUP(AF51,[1]OBK!$E:$F,2,0) -> 0
A52: 50 | B52: 4971710295818 | C52: MUWT | D52: ONE BY KOSE | E52: ONE BY KOSE THE WRINKLESS S | F52: 122 | G52: 496540 | H52: 192 | I52: 463980 | J52: 105 | K52: 427350 | L52: 66 | M52: 268620 | N52: 148 | O52: 602360 | P52: 50 | Q52: 203500 | R52: 44 | S52: 179080 | V52: 170 | W52: 691900 | AD52: =F52+H52+J52+L52+N52+P52+R52+T52+V52+X52+Z52+AB52 -> 897 | AE52: =G52+I52+K52+M52+O52+Q52+S52+U52+W52+Y52+AA52+AC52 -> 3333330 | AG52: YNRE800
A53: 51 | B53: 4971710557732 | C53: DXJC001 | D53: FASIO | E53: FASIO AIRY STAY BB TINT UV 01 | F53: 132 | G53: 87120 | H53: 64 | I53: 22440 | J53: 6 | K53: 3960 | L53: 66 | M53: 43560 | N53: 112 | O53: 73920 | R53: 188 | S53: 124080 | T53: 106 | U53: 69960 | V53: 10 | W53: 6600 | AD53: =F53+H53+J53+L53+N53+P53+R53+T53+V53+X53+Z53+AB53 -> 684 | AE53: =G53+I53+K53+M53+O53+Q53+S53+U53+W53+Y53+AA53+AC53 -> 431640 | AG53: MUSE
A54: 52 | B54: 4971710557725 | C54: DXJC003 | D54: FASIO | E54: FASIO AIRY STAY BB TINT UV 03 | F54: 125 | G54: 82500 | H54: 66 | I54: 23760 | J54: 40 | K54: 26400 | L54: 120 | M54: 79200 | N54: 112 | O54: 73920 | R54: 72 | S54: 47520 | T54: 104 | U54: 68640 | V54: 30 | W54: 19800 | AB54: 123 | AC54: 81180 | AD54: =F54+H54+J54+L54+N54+P54+R54+T54+V54+X54+Z54+AB54 -> 792 | AE54: =G54+I54+K54+M54+O54+Q54+S54+U54+W54+Y54+AA54+AC54 -> 502920 | AG54: YNXX001
A55: 53 | B55: 4971710595499 | C55: YNXX001 | D55: VISEE | E55: VISEE W MOOD EYES BR-1 | H55: 124 | I55: 47740 | J55: 220 | K55: 169400 | L55: 110 | M55: 84700 | N55: 38 | O55: 29260 | P55: 216 | Q55: 166320 | T55: 20 | U55: 15400 | V55: 65 | W55: 50050 | AB55: 30 | AC55: 23100 | AD55: =F55+H55+J55+L55+N55+P55+R55+T55+V55+X55+Z55+AB55 -> 823 | AE55: =G55+I55+K55+M55+O55+Q55+S55+U55+W55+Y55+AA55+AC55 -> 585970 | AG55: YNRF850
A56: 54 | B56: 4971710576627 | C56: YNRF351 | D56: VISEE | E56: VISEE NENMAKU FAKE ROUGE BE351 | F56: 10 | G56: 7700 | H56: 604 | I56: 232540 | J56: 30 | K56: 23100 | L56: 12 | M56: 9240 | N56: 30 | O56: 23100 | R56: 96 | S56: 73920 | T56: 36 | U56: 27720 | V56: 20 | W56: 15400 | AB56: 200 | AC56: 154000 | AD56: =F56+H56+J56+L56+N56+P56+R56+T56+V56+X56+Z56+AB56 -> 1038 | AE56: =G56+I56+K56+M56+O56+Q56+S56+U56+W56+Y56+AA56+AC56 -> 566720 | AG56: DXJC003
A57: 55 | B57: 4971710582864 | C57: YNRE800 | D57: VISEE | E57: VISEE ESSENCE LIP PLUMPER PK800 | H57: 632 | I57: 225940 | J57: 8 | K57: 5720 | L57: 6 | M57: 4290 | N57: 42 | O57: 30030 | R57: 2 | S57: 1430 | V57: 354 | W57: 253110 | AD57: =F57+H57+J57+L57+N57+P57+R57+T57+V57+X57+Z57+AB57 -> 1044 | AE57: =G57+I57+K57+M57+O57+Q57+S57+U57+W57+Y57+AA57+AC57 -> 520520 | AG57: YNBN001
A58: 56 | B58: 4971710561210 | C58: YNRF850 | D58: VISEE | E58: VISEE NENMAKU FAKE ROUGE PK850 | F58: 91 | G58: 70070 | H58: 160 | I58: 61600 | J58: 2 | K58: 1540 | L58: 84 | M58: 64680 | N58: 108 | O58: 83160 | P58: 5 | Q58: 3850 | R58: 66 | S58: 50820 | T58: 40 | U58: 30800 | V58: 87 | W58: 66990 | AB58: 148 | AC58: 113960 | AD58: =F58+H58+J58+L58+N58+P58+R58+T58+V58+X58+Z58+AB58 -> 791 | AE58: =G58+I58+K58+M58+O58+Q58+S58+U58+W58+Y58+AA58+AC58 -> 547470 | AG58: YNZH002
A59: 57 | B59: 4971710599923 | C59: MUSG | D59: ONE BY KOSE | E59: #N/AONE BY KOSE SERUM VEIL LOTION | V59: 180 | W59: 297000 | AB59: 517 | AC59: 853050 | AD59: =F59+H59+J59+L59+N59+P59+R59+T59+V59+X59+Z59+AB59 -> 697 | AE59: =G59+I59+K59+M59+O59+Q59+S59+U59+W59+Y59+AA59+AC59 -> 1150050 | AG59: YNBN305
A60: 58 | B60: 4971710556766 | C60: DLEP | D60: MKM | E60: MAKE KEEP POWDER | F60: 410 | G60: 270600 | H60: 276 | I60: 91080 | J60: 18 | K60: 11880 | L60: 120 | M60: 79200 | AD60: =F60+H60+J60+L60+N60+P60+R60+T60+V60+X60+Z60+AB60 -> 824 | AE60: =G60+I60+K60+M60+O60+Q60+S60+U60+W60+Y60+AA60+AC60 -> 452760 | AG60: MUZT
A61: 59 | B61: 4971710494211 | C61: YNBN001 | D61: VISEE | E61: VISEE EYEBROW PENCIL S GY001 | F61: 26 | G61: 7721 | H61: 24 | I61: 3564 | J61: 10 | K61: 2970 | L61: 68 | M61: 20196 | N61: 40 | O61: 11880 | P61: 12 | Q61: 3564 | R61: 204 | S61: 60588 | T61: 104 | U61: 30888 | V61: 76 | W61: 22572 | AB61: 126 | AC61: 37422 | AD61: =F61+H61+J61+L61+N61+P61+R61+T61+V61+X61+Z61+AB61 -> 690 | AE61: =G61+I61+K61+M61+O61+Q61+S61+U61+W61+Y61+AA61+AC61 -> 201365 | AG61: DXQT002
A62: 60 | B62: 4971710541212 | C62: MUZT | D62: ONE BY KOSE | E62: ONE BY KOSE DEEP HYDRATOR | F62: 138 | G62: 242880 | H62: 20 | I62: 28160 | L62: 43 | M62: 75680 | N62: 319 | O62: 561440 | R62: 1 | S62: 1760 | V62: 156 | W62: 274560 | AD62: =F62+H62+J62+L62+N62+P62+R62+T62+V62+X62+Z62+AB62 -> 677 | AE62: =G62+I62+K62+M62+O62+Q62+S62+U62+W62+Y62+AA62+AC62 -> 1184480 | AG62: YNRE301
A63: 61 | B63: 4971710592993 | C63: YNGD005 | D63: VISEE | E63: VISEE COLOR DUO TRICK CONCEALER 05 | F63: 65 | G63: 39325 | R63: 232 | S63: 140360 | T63: 30 | U63: 18150 | V63: 8 | W63: 4840 | AB63: 330 | AC63: 199650 | AD63: =F63+H63+J63+L63+N63+P63+R63+T63+V63+X63+Z63+AB63 -> 665 | AE63: =G63+I63+K63+M63+O63+Q63+S63+U63+W63+Y63+AA63+AC63 -> 402325 | AG63: =VLOOKUP(AF63,[2]SEK!$E:$F,2,0) -> 0
A64: 62 | B64: 4971710593044 | C64: YNZH002 | D64: VISEE | E64: VISEE TRINITAS GLOW POWDER 02 | F64: 120 | G64: 112200 | H64: 394 | I64: 184195 | J64: 12 | K64: 11220 | L64: 36 | M64: 33660 | N64: 100 | O64: 93500 | R64: 102 | S64: 95370 | V64: 15 | W64: 14025 | AB64: 82 | AC64: 76670 | AD64: =F64+H64+J64+L64+N64+P64+R64+T64+V64+X64+Z64+AB64 -> 861 | AE64: =G64+I64+K64+M64+O64+Q64+S64+U64+W64+Y64+AA64+AC64 -> 620840 | AG64: YNXX005
A65: 63 | B65: 4971710582857 | C65: YNRE200 | D65: VISEE | E65: VISEE ESSENCE LIP PLUMPER OR200 | F65: 150 | G65: 107250 | H65: 152 | I65: 54340 | J65: 8 | K65: 5720 | L65: 6 | M65: 4290 | N65: 2 | O65: 1430 | R65: 2 | S65: 1430 | T65: 10 | U65: 7150 | V65: 300 | W65: 214500 | AB65: 82 | AC65: 58630 | AD65: =F65+H65+J65+L65+N65+P65+R65+T65+V65+X65+Z65+AB65 -> 712 | AE65: =G65+I65+K65+M65+O65+Q65+S65+U65+W65+Y65+AA65+AC65 -> 454740 | AG65: YNIT321
A66: 64 | B66: 4971710508833 | C66: YNFF405 | D66: VISEE | E66: VISEE FILTER SKIN FOUNDATION OC-405 | F66: 6 | G66: 5280 | L66: 50 | M66: 44000 | R66: 35 | S66: 30800 | T66: 20 | U66: 17600 | V66: 250 | W66: 220000 | AB66: 260 | AC66: 228800 | AD66: =F66+H66+J66+L66+N66+P66+R66+T66+V66+X66+Z66+AB66 -> 621 | AE66: =G66+I66+K66+M66+O66+Q66+S66+U66+W66+Y66+AA66+AC66 -> 546480 | AG66: YNRF650
A67: 65 | B67: 4971710580471 | C67: DXAO001 | D67: FASIO | E67: FASIO LASH PERM MASCARA SKINNY 01 | F67: 120 | G67: 79200 | H67: 4 | I67: 1320 | J67: 32 | K67: 21120 | L67: 12 | M67: 7920 | N67: 60 | O67: 39600 | P67: 6 | Q67: 3960 | R67: 105 | S67: 69300 | T67: 154 | U67: 101640 | V67: 6 | W67: 3960 | AB67: 120 | AC67: 79200 | AD67: =F67+H67+J67+L67+N67+P67+R67+T67+V67+X67+Z67+AB67 -> 619 | AE67: =G67+I67+K67+M67+O67+Q67+S67+U67+W67+Y67+AA67+AC67 -> 407220 | AG67: YNRF852
A68: 66 | B68: 4971710523065 | C68: DXKB410 | D68: FASIO | E68: FASIO AIRY STAY POWDER FOUNDATION 410 | F68: 96 | G68: 84480 | H68: 12 | I68: 5280 | J68: 78 | K68: 68640 | L68: 11 | M68: 9680 | N68: 80 | O68: 70400 | R68: 98 | S68: 86240 | T68: 66 | U68: 58080 | V68: 90 | W68: 79200 | AB68: 90 | AC68: 79200 | AD68: =F68+H68+J68+L68+N68+P68+R68+T68+V68+X68+Z68+AB68 -> 621 | AE68: =G68+I68+K68+M68+O68+Q68+S68+U68+W68+Y68+AA68+AC68 -> 541200 | AG68: DXFX002
A69: 67 | B69: 4971710582338 | C69: MTSY | D69: SEKKISEI | E69: SEKKISEI BRIGHTENING CREAM | N69: 266 | O69: 526680 | V69: 130 | W69: 257400 | AB69: 216 | AC69: 463320 | AD69: =F69+H69+J69+L69+N69+P69+R69+T69+V69+X69+Z69+AB69 -> 612 | AE69: =G69+I69+K69+M69+O69+Q69+S69+U69+W69+Y69+AA69+AC69 -> 1247400 | AG69: DXKB410
A70: 68 | B70: 4971710599954 | C70: MUSH | D70: ONE BY KOSE | E70: ONE BY KOSE SERUM VEIL LOTION | V70: 600 | W70: 858000 | AD70: =F70+H70+J70+L70+N70+P70+R70+T70+V70+X70+Z70+AB70 -> 600 | AE70: =G70+I70+K70+M70+O70+Q70+S70+U70+W70+Y70+AA70+AC70 -> 858000 | AG70: =VLOOKUP(AF70,[2]SEK!$E:$F,2,0) -> 0
A71: 69 | B71: 4971710585254 | C71: MTOJ | D71: SEKKISEI | E71: SEKKISEI BRIGHTENING CLEANSING OIL | N71: 192 | O71: 264000 | T71: 20 | U71: 27500 | V71: 275 | W71: 378125 | AB71: 99 | AC71: 147015 | AD71: =F71+H71+J71+L71+N71+P71+R71+T71+V71+X71+Z71+AB71 -> 586 | AE71: =G71+I71+K71+M71+O71+Q71+S71+U71+W71+Y71+AA71+AC71 -> 816640 | AG71: YNUR002
A72: 70 | B72: 4971710494914 | C72: YNUR002 | D72: VISEE | E72: VISEE AVANT LIP & EYE COLOR PENCIL 002 | H72: 40 | I72: 13200 | J72: 20 | K72: 13200 | L72: 130 | M72: 85800 | N72: 50 | O72: 33000 | P72: 100 | Q72: 66000 | R72: 100 | S72: 66000 | AB72: 150 | AC72: 99000 | AD72: =F72+H72+J72+L72+N72+P72+R72+T72+V72+X72+Z72+AB72 -> 590 | AE72: =G72+I72+K72+M72+O72+Q72+S72+U72+W72+Y72+AA72+AC72 -> 376200 | AG72: YNGD008
A73: 71 | B73: 4971710299212 | C73: MUCP | D73: ONE BY KOSE | E73: ONE BY KOSE DOUBLE BLACK WASHER | F73: 562 | G73: 556380 | AD73: =F73+H73+J73+L73+N73+P73+R73+T73+V73+X73+Z73+AB73 -> 562 | AE73: =G73+I73+K73+M73+O73+Q73+S73+U73+W73+Y73+AA73+AC73 -> 556380 | AG73: =VLOOKUP(AF73,[2]SEK!$E:$F,2,0) -> 0
A74: 72 | B74: 4971710595536 | C74: YNXX005 | D74: VISEE | E74: VISEE W MOOD EYES PK-5 | H74: 128 | I74: 49280 | J74: 136 | K74: 104720 | L74: 176 | M74: 135520 | N74: 30 | O74: 23100 | P74: 86 | Q74: 66220 | V74: 65 | W74: 50050 | AD74: =F74+H74+J74+L74+N74+P74+R74+T74+V74+X74+Z74+AB74 -> 621 | AE74: =G74+I74+K74+M74+O74+Q74+S74+U74+W74+Y74+AA74+AC74 -> 428890 | AG74: YNBN300
A75: 73 | B75: 4971710494204 | C75: YNBN305 | D75: VISEE | E75: VISEE EYEBROW PENCIL S BR305 | F75: 80 | G75: 23760 | H75: 304 | I75: 45144 | J75: 6 | K75: 1782 | L75: 56 | M75: 16632 | N75: 106 | O75: 31482 | P75: 6 | Q75: 1782 | R75: 16 | S75: 4752 | T75: 6 | U75: 1782 | V75: 10 | W75: 2970 | AB75: 114 | AC75: 33858 | AD75: =F75+H75+J75+L75+N75+P75+R75+T75+V75+X75+Z75+AB75 -> 704 | AE75: =G75+I75+K75+M75+O75+Q75+S75+U75+W75+Y75+AA75+AC75 -> 163944 | AG75: MUZO
A76: 74 | B76: 4971710494167 | C76: YNBN300 | D76: VISEE | E76: VISEE EYEBROW PENCIL S BR300 | F76: 62 | G76: 18413 | H76: 188 | I76: 27918 | L76: 68 | M76: 20196 | N76: 106 | O76: 31482 | P76: 18 | Q76: 5346 | R76: 6 | S76: 1782 | T76: 12 | U76: 3564 | V76: 54 | W76: 16038 | AB76: 108 | AC76: 32076 | AD76: =F76+H76+J76+L76+N76+P76+R76+T76+V76+X76+Z76+AB76 -> 622 | AE76: =G76+I76+K76+M76+O76+Q76+S76+U76+W76+Y76+AA76+AC76 -> 156815 | AG76: YNGV007
A77: 75 | B77: 4971710295252 | C77: MUZP | D77: ONE BY KOSE | E77: ONE BY KOSE THE WATER MATE | F77: 120 | G77: 138600 | H77: 148 | I77: 106260 | J77: 62 | K77: 71610 | L77: 86 | M77: 99330 | N77: 160 | O77: 184800 | AD77: =F77+H77+J77+L77+N77+P77+R77+T77+V77+X77+Z77+AB77 -> 576 | AE77: =G77+I77+K77+M77+O77+Q77+S77+U77+W77+Y77+AA77+AC77 -> 600600 | AG77: DXQX001
A78: 76 | B78: 4971710513622 | C78: DXQT002 | D78: FASIO | E78: FASIO EYEBROW PENCIL 02 | F78: 246 | G78: 74291 | L78: 6 | M78: 1812 | N78: 60 | O78: 18120 | P78: 24 | Q78: 7248 | R78: 64 | S78: 19328 | T78: 30 | U78: 9060 | V78: 25 | W78: 7550 | AB78: 50 | AC78: 15100 | AD78: =F78+H78+J78+L78+N78+P78+R78+T78+V78+X78+Z78+AB78 -> 505 | AE78: =G78+I78+K78+M78+O78+Q78+S78+U78+W78+Y78+AA78+AC78 -> 152509 | AG78: YNRF851
A79: 77 | B79: 4971710595512 | C79: YNXX003 | D79: VISEE | E79: VISEE W MOOD EYES GY-3 | H79: 98 | I79: 37730 | J79: 67 | K79: 51590 | L79: 100 | M79: 77000 | N79: 60 | O79: 46200 | P79: 60 | Q79: 46200 | V79: 95 | W79: 73150 | AB79: 70 | AC79: 53900 | AD79: =F79+H79+J79+L79+N79+P79+R79+T79+V79+X79+Z79+AB79 -> 550 | AE79: =G79+I79+K79+M79+O79+Q79+S79+U79+W79+Y79+AA79+AC79 -> 385770 | AG79: YNRE801
A80: 78 | B80: 4971710599985 | C80: MUSO | D80: ONE BY KOSE | E80: ONE BY KOSE SERUM VEIL EMULSION | V80: 500 | W80: 797500 | AD80: =F80+H80+J80+L80+N80+P80+R80+T80+V80+X80+Z80+AB80 -> 500 | AE80: =G80+I80+K80+M80+O80+Q80+S80+U80+W80+Y80+AA80+AC80 -> 797500 | AG80: DXAO001
A81: 79 | B81: 4971710585261 | C81: MTOK | D81: SEKKISEI | E81: SEKKISEI BRIGHTENING CLEANSING OIL | N81: 268 | O81: 294800 | V81: 40 | W81: 44000 | AB81: 162 | AC81: 196020 | AD81: =F81+H81+J81+L81+N81+P81+R81+T81+V81+X81+Z81+AB81 -> 470 | AE81: =G81+I81+K81+M81+O81+Q81+S81+U81+W81+Y81+AA81+AC81 -> 534820 | AG81: DXYX002
A82: 80 | B82: 4971710561227 | C82: YNRF851 | D82: VISEE | E82: VISEE NENMAKU FAKE ROUGE PK851 | F82: 67 | G82: 51590 | H82: 80 | I82: 30800 | J82: 12 | K82: 9240 | L82: 42 | M82: 32340 | N82: 66 | O82: 50820 | P82: 7 | Q82: 5390 | R82: 30 | S82: 23100 | T82: 32 | U82: 24640 | V82: 20 | W82: 15400 | AB82: 149 | AC82: 114730 | AD82: =F82+H82+J82+L82+N82+P82+R82+T82+V82+X82+Z82+AB82 -> 505 | AE82: =G82+I82+K82+M82+O82+Q82+S82+U82+W82+Y82+AA82+AC82 -> 358050 | AG82: DLSC
A83: 81 | B83: 4971710569193 | C83: DXFX002 | D83: FASIO | E83: FASIO AIRY STAY BB TINT MOIST 02 | F83: 137 | G83: 90420 | H83: 12 | I83: 3960 | L83: 62 | M83: 40920 | N83: 50 | O83: 33000 | P83: 12 | Q83: 7920 | T83: 6 | U83: 3960 | V83: 54 | W83: 35640 | AB83: 50 | AC83: 33000 | AD83: =F83+H83+J83+L83+N83+P83+R83+T83+V83+X83+Z83+AB83 -> 383 | AE83: =G83+I83+K83+M83+O83+Q83+S83+U83+W83+Y83+AA83+AC83 -> 248820 | AG83: YNRF350
A84: 82 | B84: 4971710595475 | C84: YNRI832 | D84: VISEE | E84: VISEE NENMAKU FAKE LIQUID | L84: 200 | M84: 165000 | AB84: 251 | AC84: 207075 | AD84: =F84+H84+J84+L84+N84+P84+R84+T84+V84+X84+Z84+AB84 -> 451 | AE84: =G84+I84+K84+M84+O84+Q84+S84+U84+W84+Y84+AA84+AC84 -> 372075 | AG84: DXQT001
A85: 83 | B85: 4971710490756 | C85: YNIT321 | D85: VISEE | E85: VISEE MELTY SHARP GEL LINER BR321 | F85: 150 | G85: 82500 | H85: 360 | I85: 99000 | L85: 30 | M85: 16500 | R85: 30 | S85: 16500 | AB85: 60 | AC85: 33000 | AD85: =F85+H85+J85+L85+N85+P85+R85+T85+V85+X85+Z85+AB85 -> 630 | AE85: =G85+I85+K85+M85+O85+Q85+S85+U85+W85+Y85+AA85+AC85 -> 247500 | AG85: YNRE200
A86: 84 | B86: 4971710523058 | C86: DXKB405 | D86: FASIO | E86: FASIO AIRY STAY POWDER FOUNDATION 405 | F86: 47 | G86: 41360 | H86: 12 | I86: 5280 | J86: 48 | K86: 42240 | L86: 25 | M86: 22000 | N86: 54 | O86: 47520 | R86: 64 | S86: 56320 | T86: 54 | U86: 47520 | V86: 80 | W86: 70400 | AB86: 70 | AC86: 61600 | AD86: =F86+H86+J86+L86+N86+P86+R86+T86+V86+X86+Z86+AB86 -> 454 | AE86: =G86+I86+K86+M86+O86+Q86+S86+U86+W86+Y86+AA86+AC86 -> 394240 | AG86: YNXX003
A87: 85 | B87: 4971710593020 | C87: YNGD008 | D87: VISEE | E87: VISEE COLOR DUO TRICK CONCEALER 08 | F87: 65 | G87: 39325 | H87: 226 | I87: 68365 | J87: 24 | K87: 14520 | L87: 40 | M87: 24200 | N87: 12 | O87: 7260 | P87: 170 | Q87: 102850 | R87: 2 | S87: 1210 | T87: 20 | U87: 12100 | V87: 2 | W87: 1210 | AD87: =F87+H87+J87+L87+N87+P87+R87+T87+V87+X87+Z87+AB87 -> 561 | AE87: =G87+I87+K87+M87+O87+Q87+S87+U87+W87+Y87+AA87+AC87 -> 271040 | AG87: DXQY002
A88: 86 | B88: 4971710592962 | C88: YNGC002 | D88: VISEE | E88: VISEE COLOR DUO TRICK CONCEALER 02 | F88: 65 | G88: 39325 | H88: 270 | I88: 81675 | J88: 64 | K88: 38720 | L88: 12 | M88: 7260 | N88: 35 | O88: 21175 | P88: 14 | Q88: 8470 | R88: 2 | S88: 1210 | V88: 25 | W88: 15125 | AB88: 92 | AC88: 55660 | AD88: =F88+H88+J88+L88+N88+P88+R88+T88+V88+X88+Z88+AB88 -> 579 | AE88: =G88+I88+K88+M88+O88+Q88+S88+U88+W88+Y88+AA88+AC88 -> 268620 | AG88: YNGC002
A89: 87 | B89: 4971710561258 | C89: YNRF350 | D89: VISEE | E89: VISEE NENMAKU FAKE ROUGE BR350 | F89: 83 | G89: 63910 | H89: 28 | I89: 10780 | J89: 8 | K89: 6160 | L89: 36 | M89: 27720 | N89: 82 | O89: 63140 | P89: 5 | Q89: 3850 | R89: 2 | S89: 1540 | T89: 2 | U89: 1540 | V89: 54 | W89: 41580 | AB89: 154 | AC89: 118580 | AD89: =F89+H89+J89+L89+N89+P89+R89+T89+V89+X89+Z89+AB89 -> 454 | AE89: =G89+I89+K89+M89+O89+Q89+S89+U89+W89+Y89+AA89+AC89 -> 338800 | AG89: YNFB002
A90: 88 | B90: 4971710588132 | C90: YNRE003 | D90: VISEE | E90: VISEE ESSENCE LIP PLUMPER SP003 | H90: 600 | I90: 214500 | P90: 20 | Q90: 14300 | V90: 118 | W90: 84370 | AD90: =F90+H90+J90+L90+N90+P90+R90+T90+V90+X90+Z90+AB90 -> 738 | AE90: =G90+I90+K90+M90+O90+Q90+S90+U90+W90+Y90+AA90+AC90 -> 313170 | AG90: YNRE003
A91: 89 | B91: 4971710593013 | C91: YNGD007 | D91: VISEE | E91: VISEE COLOR DUO TRICK CONCEALER 07 | F91: 65 | G91: 39325 | H91: 216 | I91: 65340 | J91: 35 | K91: 21175 | L91: 2 | M91: 1210 | N91: 60 | O91: 36300 | P91: 14 | Q91: 8470 | V91: 30 | W91: 18150 | AB91: 122 | AC91: 73810 | AD91: =F91+H91+J91+L91+N91+P91+R91+T91+V91+X91+Z91+AB91 -> 544 | AE91: =G91+I91+K91+M91+O91+Q91+S91+U91+W91+Y91+AA91+AC91 -> 263780 | AG91: DXFX001
A92: 90 | B92: 4971710593006 | C92: YNGD006 | D92: VISEE | E92: VISEE COLOR DUO TRICK CONCEALER 06 | F92: 65 | G92: 39325 | H92: 238 | I92: 71995 | J92: 39 | K92: 23595 | L92: 6 | M92: 3630 | R92: 47 | S92: 28435 | T92: 30 | U92: 18150 | V92: 2 | W92: 1210 | AB92: 120 | AC92: 72600 | AD92: =F92+H92+J92+L92+N92+P92+R92+T92+V92+X92+Z92+AB92 -> 547 | AE92: =G92+I92+K92+M92+O92+Q92+S92+U92+W92+Y92+AA92+AC92 -> 258940 | AG92: YNCT003
A93: 91 | B93: 4971710566147 | C93: DXYX002 | D93: FASIO | E93: FASIO WATERPROOF EYEBROW SLIM 02 | F93: 152 | G93: 83600 | J93: 2 | K93: 1100 | L93: 1 | M93: 550 | N93: 80 | O93: 44000 | P93: 6 | Q93: 3300 | R93: 44 | S93: 24200 | T93: 6 | U93: 3300 | V93: 66 | W93: 36300 | AB93: 50 | AC93: 27500 | AD93: =F93+H93+J93+L93+N93+P93+R93+T93+V93+X93+Z93+AB93 -> 407 | AE93: =G93+I93+K93+M93+O93+Q93+S93+U93+W93+Y93+AA93+AC93 -> 223850 | AG93: YNRE100
A94: 92 | B94: 4971710556834 | C94: YNFB002 | D94: VISEE | E94: VISEE GLOW BALM FOUNDATION 02 | F94: 50 | G94: 49500 | H94: 38 | I94: 18810 | J94: 2 | K94: 1980 | L94: 32 | M94: 31680 | N94: 55 | O94: 54450 | P94: 7 | Q94: 6930 | R94: 4 | S94: 3960 | T94: 30 | U94: 29700 | V94: 120 | W94: 118800 | AB94: 82 | AC94: 81180 | AD94: =F94+H94+J94+L94+N94+P94+R94+T94+V94+X94+Z94+AB94 -> 420 | AE94: =G94+I94+K94+M94+O94+Q94+S94+U94+W94+Y94+AA94+AC94 -> 396990 | AG94: YNXX002
A95: 93 | B95: 4971710513615 | C95: DXQT001 | D95: FASIO | E95: FASIO EYEBROW PENCIL 01 | F95: 116 | G95: 35031 | L95: 6 | M95: 1812 | P95: 72 | Q95: 21744 | R95: 94 | S95: 28388 | T95: 30 | U95: 9060 | V95: 25 | W95: 7550 | AB95: 50 | AC95: 15100 | AD95: =F95+H95+J95+L95+N95+P95+R95+T95+V95+X95+Z95+AB95 -> 393 | AE95: =G95+I95+K95+M95+O95+Q95+S95+U95+W95+Y95+AA95+AC95 -> 118685 | AG95: YNCT004
A96: 94 | B96: 4971710513684 | C96: DXQY002 | D96: FASIO | E96: FASIO PENCIL EYELINER 02 | F96: 120 | G96: 66000 | H96: 40 | I96: 11000 | L96: 6 | M96: 3300 | N96: 60 | O96: 33000 | R96: 64 | S96: 35200 | T96: 30 | U96: 16500 | V96: 10 | W96: 5500 | AB96: 50 | AC96: 27500 | AD96: =F96+H96+J96+L96+N96+P96+R96+T96+V96+X96+Z96+AB96 -> 380 | AE96: =G96+I96+K96+M96+O96+Q96+S96+U96+W96+Y96+AA96+AC96 -> 198000 | AG96: YNCT001
A97: 95 | B97: 4971710595505 | C97: YNXX002 | D97: VISEE | E97: VISEE W MOOD EYES BR-2 | H97: 78 | I97: 30030 | J97: 115 | K97: 88550 | L97: 80 | M97: 61600 | N97: 60 | O97: 46200 | P97: 20 | Q97: 15400 | V97: 45 | W97: 34650 | AD97: =F97+H97+J97+L97+N97+P97+R97+T97+V97+X97+Z97+AB97 -> 398 | AE97: =G97+I97+K97+M97+O97+Q97+S97+U97+W97+Y97+AA97+AC97 -> 276430 | AG97: YNCG010
A98: 96 | B98: 4971710576610 | C98: YNRF852 | D98: VISEE | E98: VISEE NENMAKU FAKE ROUGE PK852 | F98: 10 | G98: 7700 | H98: 304 | I98: 117040 | J98: 30 | K98: 23100 | L98: 6 | M98: 4620 | R98: 30 | S98: 23100 | T98: 34 | U98: 26180 | V98: 8 | W98: 6160 | AB98: 86 | AC98: 66220 | AD98: =F98+H98+J98+L98+N98+P98+R98+T98+V98+X98+Z98+AB98 -> 508 | AE98: =G98+I98+K98+M98+O98+Q98+S98+U98+W98+Y98+AA98+AC98 -> 274120 | AG98: YNRF352
A99: 97 | B99: 4971710571844 | C99: YNRE900 | D99: VISEE | E99: VISEE ESSENCE LIP PLUMPER BL900 | F99: 100 | G99: 71500 | H99: 220 | I99: 78650 | J99: 30 | K99: 21450 | N99: 115 | O99: 82225 | AD99: =F99+H99+J99+L99+N99+P99+R99+T99+V99+X99+Z99+AB99 -> 465 | AE99: =G99+I99+K99+M99+O99+Q99+S99+U99+W99+Y99+AA99+AC99 -> 253825 | AG99: YNRF651
A100: 98 | B100: 4971710561234 | C100: YNRF250 | D100: VISEE | E100: VISEE NENMAKU FAKE ROUGE OR250 | F100: 97 | G100: 74690 | H100: 28 | I100: 10780 | J100: 12 | K100: 9240 | L100: 42 | M100: 32340 | N100: 2 | O100: 1540 | P100: 5 | Q100: 3850 | R100: 5 | S100: 3850 | T100: 30 | U100: 23100 | AB100: 144 | AC100: 110880 | AD100: =F100+H100+J100+L100+N100+P100+R100+T100+V100+X100+Z100+AB100 -> 365 | AE100: =G100+I100+K100+M100+O100+Q100+S100+U100+W100+Y100+AA100+AC100 -> 270270 | AG100: YNYK007
...

Sheet 2407から
A1: No. | B1: JANコード | C1: 商品符号 | D1: ブランド | E1: 商品名称 | F1: 2407 | H1: 2408 | J1: 2409 | L1: 2410 | N1: 2411 | P1: 2412 | R1: 2501 | T1: 2502 | V1: 2503 | X1: 2504 | Z1: 2505 | AB1: 2506 | AD1: 2507 | AF1: 2508 | AH1: 2509 | AJ1: 2510 | AL1: 2511 | AN1: 2512 | AP1: 合計
F2: 数量 | G2: 金額 | H2: 数量 | I2: 金額 | J2: 数量 | K2: 金額 | L2: 数量 | M2: 金額 | N2: 数量 | O2: 金額 | P2: 数量 | Q2: 金額 | R2: 数量 | S2: 金額 | T2: 数量 | U2: 金額 | V2: 数量 | W2: 金額 | X2: 数量 | Y2: 金額 | Z2: 数量 | AA2: 金額 | AB2: 数量 | AC2: 金額 | AD2: 数量 | AE2: 金額 | AF2: 数量 | AG2: 金額 | AH2: 数量 | AI2: 金額 | AJ2: 数量 | AK2: 金額 | AL2: 数量 | AM2: 金額 | AN2: 数量 | AO2: 金額 | AP2: 数量 | AQ2: 金額
A3: 1 | B3: 4971710576306 | C3: DLEA | D3: MAKE KEEP | E3: MAKE KEEP MIST EX + | F3: 0 | G3: 0 | H3: 130 | I3: 85800 | J3: 40 | K3: 26400 | L3: 142 | M3: 93720 | N3: 318 | O3: 209880 | P3: 0 | Q3: 0 | R3: 2020 | S3: 1333200 | T3: 2944 | U3: 1631520 | V3: 8316 | W3: 5488560 | X3: 12276 | Y3: 8102160 | Z3: 20201 | AA3: 13332660 | AB3: 13848 | AC3: 9139680 | AD3: 31222 | AE3: 20606520 | AF3: 26000 | AG3: 17160000 | AH3: 64352 | AI3: 42472320 | AP3: =F3+H3+J3+L3+N3+P3+R3+T3+V3+X3+Z3+AB3+AD3+AF3+AH3+AJ3+AL3+AN3 -> 181809 | AQ3: =G3+I3+K3+M3+O3+Q3+S3+U3+W3+Y3+AA3+AC3+AE3+AG3+AI3+AK3+AM3+AO3 -> 119682420
A4: 2 | B4: 4971710565065 | C4: MUSC | D4: ONE BY KOSE | E4: ONE BY KOSE SERUM SHIELD | F4: 40 | G4: 110000 | H4: 165 | I4: 453750 | J4: 30 | K4: 82500 | L4: 190 | M4: 522500 | N4: 903 | O4: 2483250 | P4: 1120 | Q4: 3080000 | R4: 3342 | S4: 9190500 | T4: 3836 | U4: 5714500 | V4: 926 | W4: 2546500 | X4: 2212 | Y4: 6083000 | Z4: 5987 | AA4: 16464250 | AB4: 1120 | AC4: 3080000 | AD4: 2598 | AE4: 7144500 | AF4: 1700 | AG4: 4675000 | AH4: 16456 | AI4: 45254000 | AP4: =F4+H4+J4+L4+N4+P4+R4+T4+V4+X4+Z4+AB4+AD4+AF4+AH4+AJ4+AL4+AN4 -> 40625 | AQ4: =G4+I4+K4+M4+O4+Q4+S4+U4+W4+Y4+AA4+AC4+AE4+AG4+AI4+AK4+AM4+AO4 -> 106884250
A5: 3 | B5: 4971710574852 | C5: MUCI | D5: ONE BY KOSE | E5: ONE BY KOSE PORE CLEAR OIL（Refill） | F5: 0 | G5: 0 | H5: 60 | I5: 49500 | J5: 0 | K5: 0 | L5: 45 | M5: 37125 | N5: 320 | O5: 264000 | P5: 680 | Q5: 561000 | R5: 610 | S5: 503250 | T5: 1724 | U5: 740850 | V5: 478 | W5: 394350 | X5: 2550 | Y5: 2103750 | Z5: 4650 | AA5: 3836250 | AB5: 360 | AC5: 297000 | AD5: 4106 | AE5: 3387450 | AF5: 3695 | AG5: 3048375 | AH5: 16985 | AI5: 14012625 | AP5: =F5+H5+J5+L5+N5+P5+R5+T5+V5+X5+Z5+AB5+AD5+AF5+AH5+AJ5+AL5+AN5 -> 36263 | AQ5: =G5+I5+K5+M5+O5+Q5+S5+U5+W5+Y5+AA5+AC5+AE5+AG5+AI5+AK5+AM5+AO5 -> 29235525
A6: 4 | B6: 4971710598711 | C6: DLFP | D6: MAKE KEEP | E6: MAKE KEEP POWDER ＥＸ | F6: 0 | G6: 0 | H6: 0 | I6: 0 | J6: 0 | K6: 0 | L6: 0 | M6: 0 | N6: 0 | O6: 0 | P6: 0 | Q6: 0 | AB6: 1152 | AC6: 798336 | AD6: 7714 | AE6: 5345802 | AF6: 11620 | AG6: 8052660 | AH6: 2976 | AI6: 2062368 | AN6: 96 | AO6: 66528 | AP6: =F6+H6+J6+L6+N6+P6+R6+T6+V6+X6+Z6+AB6+AD6+AF6+AH6+AJ6+AL6+AN6 -> 23558 | AQ6: =G6+I6+K6+M6+O6+Q6+S6+U6+W6+Y6+AA6+AC6+AE6+AG6+AI6+AK6+AM6+AO6 -> 16325694
A7: 5 | B7: 4971710511505 | C7: DLIB | D7: その他CCS | E7: CURL KEEP MAGIC | F7: 0 | G7: 0 | H7: 10 | I7: 4950 | J7: 30 | K7: 14850 | L7: 0 | M7: 0 | N7: 360 | O7: 178200 | P7: 0 | Q7: 0 | R7: 2800 | S7: 1386000 | T7: 6000 | U7: 1485000 | X7: 2000 | Y7: 990000 | Z7: 50 | AA7: 24750 | AD7: 3550 | AE7: 1757250 | AF7: 2000 | AG7: 990000 | AH7: 5000 | AI7: 2475000 | AP7: =F7+H7+J7+L7+N7+P7+R7+T7+V7+X7+Z7+AB7+AD7+AF7+AH7+AJ7+AL7+AN7 -> 21800 | AQ7: =G7+I7+K7+M7+O7+Q7+S7+U7+W7+Y7+AA7+AC7+AE7+AG7+AI7+AK7+AM7+AO7 -> 9306000
A8: 9 | B8: 4971710551006 | C8: YNRE001 | D8: VISEE | E8: VISEE ESSENCE LIP PLUMPER SP001 | F8: 1510 | G8: 1079650 | H8: 54 | I8: 38610 | J8: 24 | K8: 17160 | L8: 66 | M8: 47190 | N8: 810 | O8: 579150 | P8: 90 | Q8: 64350 | R8: 1296 | S8: 926640 | T8: 1252 | U8: 447590 | V8: 842 | W8: 602030 | X8: 36 | Y8: 25740 | Z8: 518 | AA8: 370370 | AB8: 72 | AC8: 51480 | AD8: 354 | AE8: 253110 | AF8: 600 | AG8: 429000 | AH8: 1974 | AI8: 1411410 | AP8: =F8+H8+J8+L8+N8+P8+R8+T8+V8+X8+Z8+AB8+AD8+AF8+AH8+AJ8+AL8+AN8 -> 9498 | AQ8: =G8+I8+K8+M8+O8+Q8+S8+U8+W8+Y8+AA8+AC8+AE8+AG8+AI8+AK8+AM8+AO8 -> 6343480
A9: 6 | B9: 4971710580044 | C9: DLCE | D9: MAKE KEEP | E9: MAKE KEEP PRIMER COOL | F9: 0 | G9: 0 | H9: 15 | I9: 9900 | J9: 0 | K9: 0 | L9: 0 | M9: 0 | N9: 0 | O9: 0 | P9: 0 | Q9: 0 | Z9: 60 | AA9: 39600 | AB9: 1240 | AC9: 818400 | AD9: 4000 | AE9: 2640000 | AF9: 2500 | AG9: 1650000 | AP9: =F9+H9+J9+L9+N9+P9+R9+T9+V9+X9+Z9+AB9+AD9+AF9+AH9+AJ9+AL9+AN9 -> 7815 | AQ9: =G9+I9+K9+M9+O9+Q9+S9+U9+W9+Y9+AA9+AC9+AE9+AG9+AI9+AK9+AM9+AO9 -> 5157900
A10: 7 | B10: 4971710590500 | C10: DLCH | D10: MAKE KEEP | E10: MAKE KEEP MIST EX + SAKURA CHERRY | F10: 0 | G10: 0 | H10: 0 | I10: 0 | J10: 0 | K10: 0 | L10: 0 | M10: 0 | N10: 0 | O10: 0 | P10: 0 | Q10: 0 | X10: 3600 | Y10: 2376000 | Z10: 3000 | AA10: 1980000 | AD10: 100 | AE10: 66000 | AP10: =F10+H10+J10+L10+N10+P10+R10+T10+V10+X10+Z10+AB10+AD10+AF10+AH10+AJ10+AL10+AN10 -> 6700 | AQ10: =G10+I10+K10+M10+O10+Q10+S10+U10+W10+Y10+AA10+AC10+AE10+AG10+AI10+AK10+AM10+AO10 -> 4422000
A11: 8 | B11: 4971710579291 | C11: DLCC | D11: MAKE KEEP | E11: MAKE KEEP MIST EX + COOL | F11: 0 | G11: 0 | H11: 0 | I11: 0 | J11: 0 | K11: 0 | L11: 0 | M11: 0 | N11: 0 | O11: 0 | P11: 0 | Q11: 0 | Z11: 5712 | AA11: 3769920 | AB11: 744 | AC11: 491040 | AP11: =F11+H11+J11+L11+N11+P11+R11+T11+V11+X11+Z11+AB11+AD11+AF11+AH11+AJ11+AL11+AN11 -> 6456 | AQ11: =G11+I11+K11+M11+O11+Q11+S11+U11+W11+Y11+AA11+AC11+AE11+AG11+AI11+AK11+AM11+AO11 -> 4260960
A12: 11 | B12: 4971710571837 | C12: YNRE300 | D12: VISEE | E12: VISEE ESSENCE LIP PLUMPER BE300 | F12: 510 | G12: 364650 | H12: 34 | I12: 24310 | J12: 24 | K12: 17160 | L12: 461 | M12: 329615 | N12: 270 | O12: 193050 | P12: 190 | Q12: 135850 | R12: 920 | S12: 657800 | T12: 1656 | U12: 592020 | V12: 742 | W12: 530530 | X12: 24 | Y12: 17160 | AB12: 50 | AC12: 35750 | AD12: 12 | AE12: 8580 | AF12: 42 | AG12: 30030 | AH12: 798 | AI12: 570570 | AN12: 555 | AO12: 396825 | AP12: =F12+H12+J12+L12+N12+P12+R12+T12+V12+X12+Z12+AB12+AD12+AF12+AH12+AJ12+AL12+AN12 -> 6288 | AQ12: =G12+I12+K12+M12+O12+Q12+S12+U12+W12+Y12+AA12+AC12+AE12+AG12+AI12+AK12+AM12+AO12 -> 3903900
A13: 10 | B13: 4971710595789 | C13: MUCF | D13: ONE BY KOSE | E13: ONE BY KOSE PORE CLEAR SCRUB WASH | F13: 0 | G13: 0 | H13: 0 | I13: 0 | J13: 0 | K13: 0 | L13: 0 | M13: 0 | N13: 0 | O13: 0 | P13: 0 | Q13: 0 | Z13: 748 | AA13: 740520 | AD13: 1150 | AE13: 1138500 | AH13: 3800 | AI13: 3762000 | AP13: =F13+H13+J13+L13+N13+P13+R13+T13+V13+X13+Z13+AB13+AD13+AF13+AH13+AJ13+AL13+AN13 -> 5698 | AQ13: =G13+I13+K13+M13+O13+Q13+S13+U13+W13+Y13+AA13+AC13+AE13+AG13+AI13+AK13+AM13+AO13 -> 5641020
A14: 17 | B14: 4971710539189 | C14: YNCF | D14: VISEE | E14: VISEE RED TRICK EYE CONCEALER | F14: 730 | G14: 441650 | H14: 299 | I14: 180895 | J14: 24 | K14: 14520 | L14: 12 | M14: 7260 | N14: 390 | O14: 235950 | P14: 235 | Q14: 142175 | R14: 1329 | S14: 804045 | T14: 904 | U14: 273460 | V14: 302 | W14: 182710 | X14: 24 | Y14: 14520 | Z14: 802 | AA14: 485210 | AB14: 53 | AC14: 32065 | AP14: =F14+H14+J14+L14+N14+P14+R14+T14+V14+X14+Z14+AB14+AD14+AF14+AH14+AJ14+AL14+AN14 -> 5104 | AQ14: =G14+I14+K14+M14+O14+Q14+S14+U14+W14+Y14+AA14+AC14+AE14+AG14+AI14+AK14+AM14+AO14 -> 2814460
A15: 12 | B15: 4971710580600 | C15: MTSW | D15: SEKKISEI | E15: SEKKISEI BRIGHTENING ESSENCE LOTION | F15: 0 | G15: 0 | H15: 0 | I15: 0 | J15: 0 | K15: 0 | L15: 0 | M15: 0 | N15: 0 | O15: 0 | P15: 0 | Q15: 0 | Z15: 660 | AA15: 1706100 | AD15: 302 | AE15: 780670 | AF15: 858 | AG15: 2217930 | AH15: 1510 | AI15: 3903350 | AN15: 620 | AO15: 1670900 | AP15: =F15+H15+J15+L15+N15+P15+R15+T15+V15+X15+Z15+AB15+AD15+AF15+AH15+AJ15+AL15+AN15 -> 3950 | AQ15: =G15+I15+K15+M15+O15+Q15+S15+U15+W15+Y15+AA15+AC15+AE15+AG15+AI15+AK15+AM15+AO15 -> 10278950
A16: 13 | B16: 4971710590524 | C16: DLCJ | D16: MAKE KEEP | E16: MAKE KEEP POWDER SAKURA CHERRY | F16: 0 | G16: 0 | H16: 0 | I16: 0 | J16: 0 | K16: 0 | L16: 0 | M16: 0 | N16: 0 | O16: 0 | P16: 0 | Q16: 0 | X16: 356 | Y16: 234960 | Z16: 2700 | AA16: 1782000 | AD16: 700 | AE16: 462000 | AP16: =F16+H16+J16+L16+N16+P16+R16+T16+V16+X16+Z16+AB16+AD16+AF16+AH16+AJ16+AL16+AN16 -> 3756 | AQ16: =G16+I16+K16+M16+O16+Q16+S16+U16+W16+Y16+AA16+AC16+AE16+AG16+AI16+AK16+AM16+AO16 -> 2478960
A17: 18 | B17: 4971710576573 | C17: DLEB | D17: MAKE KEEP | E17: MAKE KEEP MIST EX +＜35mL＞ | F17: 0 | G17: 0 | H17: 375 | I17: 165000 | J17: 30 | K17: 13200 | L17: 0 | M17: 0 | N17: 72 | O17: 31680 | P17: 10 | Q17: 4400 | R17: 882 | S17: 388080 | T17: 232 | U17: 51040 | V17: 11 | W17: 4840 | X17: 502 | Y17: 220880 | Z17: 28 | AA17: 12320 | AB17: 168 | AC17: 73920 | AD17: 152 | AE17: 66880 | AF17: 192 | AG17: 84480 | AH17: 810 | AI17: 356400 | AN17: 83 | AO17: 39259 | AP17: =F17+H17+J17+L17+N17+P17+R17+T17+V17+X17+Z17+AB17+AD17+AF17+AH17+AJ17+AL17+AN17 -> 3547 | AQ17: =G17+I17+K17+M17+O17+Q17+S17+U17+W17+Y17+AA17+AC17+AE17+AG17+AI17+AK17+AM17+AO17 -> 1512379
A18: 14 | B18: 4971710577341 | C18: MUXA | D18: ONE BY KOSE | E18: ONE BY KOSE SERUM VEIL DEEP REPAIR | F18: 0 | G18: 0 | H18: 0 | I18: 0 | J18: 10 | K18: 27500 | L18: 5 | M18: 13750 | N18: 30 | O18: 82500 | P18: 0 | Q18: 0 | R18: 388 | S18: 1067000 | T18: 406 | U18: 574750 | V18: 198 | W18: 544500 | X18: 80 | Y18: 220000 | Z18: 774 | AA18: 2128500 | AB18: 54 | AC18: 148500 | AD18: 44 | AE18: 121000 | AF18: 250 | AG18: 687500 | AH18: 678 | AI18: 1864500 | AN18: 480 | AO18: 1425600 | AP18: =F18+H18+J18+L18+N18+P18+R18+T18+V18+X18+Z18+AB18+AD18+AF18+AH18+AJ18+AL18+AN18 -> 3397 | AQ18: =G18+I18+K18+M18+O18+Q18+S18+U18+W18+Y18+AA18+AC18+AE18+AG18+AI18+AK18+AM18+AO18 -> 8905600
A19: 15 | B19: 4971710546071 | C19: MUZU | D19: ONE BY KOSE | E19: ONE BY KOSE DEEP HYDRATOR | F19: 0 | G19: 0 | H19: 40 | I19: 63800 | J19: 0 | K19: 0 | L19: 50 | M19: 79750 | N19: 30 | O19: 47850 | P19: 102 | Q19: 162690 | R19: 488 | S19: 778360 | T19: 272 | U19: 236060 | V19: 154 | W19: 245630 | X19: 122 | Y19: 194590 | Z19: 600 | AA19: 957000 | AB19: 30 | AC19: 47850 | AD19: 6 | AE19: 9570 | AF19: 290 | AG19: 462550 | AH19: 952 | AI19: 1518440 | AN19: 240 | AO19: 382800 | AP19: =F19+H19+J19+L19+N19+P19+R19+T19+V19+X19+Z19+AB19+AD19+AF19+AH19+AJ19+AL19+AN19 -> 3376 | AQ19: =G19+I19+K19+M19+O19+Q19+S19+U19+W19+Y19+AA19+AC19+AE19+AG19+AI19+AK19+AM19+AO19 -> 5186940
A20: 16 | B20: 4971710580396 | C20: MUXD | D20: ONE BY KOSE | E20: ONE BY KOSE SERUM VEIL DEEP REPAIR | F20: 0 | G20: 0 | H20: 20 | I20: 91300 | J20: 10 | K20: 45650 | L20: 35 | M20: 159775 | N20: 30 | O20: 136950 | P20: 0 | Q20: 0 | R20: 320 | S20: 1460800 | T20: 464 | U20: 1168640 | V20: 310 | W20: 1415150 | X20: 120 | Y20: 547800 | Z20: 531 | AA20: 2424015 | AB20: 80 | AC20: 365200 | AD20: 6 | AE20: 27390 | AF20: 200 | AG20: 913000 | AH20: 1102 | AI20: 5030630 | AN20: 48 | AO20: 237600 | AP20: =F20+H20+J20+L20+N20+P20+R20+T20+V20+X20+Z20+AB20+AD20+AF20+AH20+AJ20+AL20+AN20 -> 3276 | AQ20: =G20+I20+K20+M20+O20+Q20+S20+U20+W20+Y20+AA20+AC20+AE20+AG20+AI20+AK20+AM20+AO20 -> 14023900
A21: 20 | B21: 4971710595543 | C21: YNXX006 | D21: VISEE | E21: VISEE W MOOD EYES BL-6 | F21: 0 | G21: 0 | H21: 0 | I21: 0 | J21: 0 | K21: 0 | L21: 0 | M21: 0 | N21: 0 | O21: 0 | P21: 0 | Q21: 0 | T21: 1080 | U21: 415800 | V21: 400 | W21: 308000 | X21: 490 | Y21: 377300 | Z21: 365 | AA21: 281050 | AB21: 358 | AC21: 275660 | AD21: 90 | AE21: 69300 | AF21: 50 | AG21: 38500 | AH21: 210 | AI21: 161700 | AN21: 120 | AO21: 92400 | AP21: =F21+H21+J21+L21+N21+P21+R21+T21+V21+X21+Z21+AB21+AD21+AF21+AH21+AJ21+AL21+AN21 -> 3163 | AQ21: =G21+I21+K21+M21+O21+Q21+S21+U21+W21+Y21+AA21+AC21+AE21+AG21+AI21+AK21+AM21+AO21 -> 2019710
A22: 19 | B22: 4971710588163 | C22: DLSC | D22: その他CCS | E22: SUPER UV PROTECTOR | F22: 0 | G22: 0 | H22: 0 | I22: 0 | J22: 0 | K22: 0 | L22: 0 | M22: 0 | N22: 0 | O22: 0 | P22: 0 | Q22: 0 | X22: 32 | Y22: 22880 | AB22: 122 | AC22: 87230 | AD22: 200 | AE22: 143000 | AF22: 20 | AG22: 14300 | AH22: 2483 | AI22: 1775345 | AN22: 30 | AO22: 21450 | AP22: =F22+H22+J22+L22+N22+P22+R22+T22+V22+X22+Z22+AB22+AD22+AF22+AH22+AJ22+AL22+AN22 -> 2887 | AQ22: =G22+I22+K22+M22+O22+Q22+S22+U22+W22+Y22+AA22+AC22+AE22+AG22+AI22+AK22+AM22+AO22 -> 2064205
A23: 21 | B23: 4971710576641 | C23: MUPE | D23: ONE BY KOSE | E23: ONE BY KOSE CLEAR PEEL SERUM | F23: 20 | G23: 36300 | H23: 45 | I23: 81675 | J23: 40 | K23: 72600 | L23: 25 | M23: 45375 | N23: 100 | O23: 181500 | P23: 48 | Q23: 87120 | R23: 130 | S23: 235950 | T23: 124 | U23: 123420 | V23: 74 | W23: 134310 | X23: 135 | Y23: 245025 | Z23: 634 | AA23: 1150710 | AB23: 80 | AC23: 145200 | AD23: 2 | AE23: 3630 | AF23: 126 | AG23: 228690 | AH23: 1282 | AI23: 2326830 | AP23: =F23+H23+J23+L23+N23+P23+R23+T23+V23+X23+Z23+AB23+AD23+AF23+AH23+AJ23+AL23+AN23 -> 2865 | AQ23: =G23+I23+K23+M23+O23+Q23+S23+U23+W23+Y23+AA23+AC23+AE23+AG23+AI23+AK23+AM23+AO23 -> 5098335
A24: 22 | B24: 4971710549812 | C24: MSYN | D24: VISEE | E24: ONE BY KOSE MELANOSHOT W | F24: 20 | G24: 75900 | H24: 0 | I24: 0 | J24: 50 | K24: 189750 | L24: 30 | M24: 113850 | N24: 20 | O24: 75900 | P24: 126 | Q24: 478170 | R24: 120 | S24: 455400 | T24: 192 | U24: 409860 | V24: 139 | W24: 527505 | X24: 170 | Y24: 645150 | Z24: 157 | AA24: 595815 | AB24: 104 | AC24: 394680 | AD24: 190 | AE24: 721050 | AF24: 260 | AG24: 986700 | AH24: 1196 | AI24: 4538820 | AP24: =F24+H24+J24+L24+N24+P24+R24+T24+V24+X24+Z24+AB24+AD24+AF24+AH24+AJ24+AL24+AN24 -> 2774 | AQ24: =G24+I24+K24+M24+O24+Q24+S24+U24+W24+Y24+AA24+AC24+AE24+AG24+AI24+AK24+AM24+AO24 -> 10208550
A25: 25 | B25: 4971710549782 | C25: MSYJ | D25: ONE BY KOSE | E25: ONE BY KOSE MELANOSHOT W | F25: 30 | G25: 87450 | H25: 60 | I25: 174900 | J25: 25 | K25: 72875 | L25: 30 | M25: 87450 | N25: 42 | O25: 122430 | P25: 78 | Q25: 227370 | R25: 230 | S25: 670450 | T25: 100 | U25: 145750 | V25: 118 | W25: 343970 | X25: 100 | Y25: 291500 | Z25: 60 | AA25: 174900 | AB25: 88 | AC25: 256520 | AD25: 197 | AE25: 574255 | AF25: 235 | AG25: 685025 | AH25: 1171 | AI25: 3413465 | AP25: =F25+H25+J25+L25+N25+P25+R25+T25+V25+X25+Z25+AB25+AD25+AF25+AH25+AJ25+AL25+AN25 -> 2564 | AQ25: =G25+I25+K25+M25+O25+Q25+S25+U25+W25+Y25+AA25+AC25+AE25+AG25+AI25+AK25+AM25+AO25 -> 7328310
A26: 24 | B26: 4971710557787 | C26: DXPO000 | D26: FASIO | E26: FASIO PORE SMOOTH PRIMER 00 | F26: 0 | G26: 0 | H26: 30 | I26: 14850 | J26: 30 | K26: 14850 | L26: 20 | M26: 9900 | N26: 86 | O26: 42570 | P26: 100 | Q26: 49500 | R26: 224 | S26: 110880 | T26: 12 | U26: 2970 | V26: 150 | W26: 74250 | X26: 282 | Y26: 139590 | Z26: 150 | AA26: 74250 | AB26: 62 | AC26: 30690 | AD26: 226 | AE26: 111870 | AF26: 302 | AG26: 149490 | AH26: 548 | AI26: 271260 | AN26: 312 | AO26: 154440 | AP26: =F26+H26+J26+L26+N26+P26+R26+T26+V26+X26+Z26+AB26+AD26+AF26+AH26+AJ26+AL26+AN26 -> 2534 | AQ26: =G26+I26+K26+M26+O26+Q26+S26+U26+W26+Y26+AA26+AC26+AE26+AG26+AI26+AK26+AM26+AO26 -> 1251360
A27: 32 | B27: 4971710561395 | C27: MUCH | D27: ONE BY KOSE | E27: ONE BY KOSE PORE CLEAR OIL | F27: 20 | G27: 19800 | H27: 300 | I27: 297000 | J27: 40 | K27: 39600 | L27: 120 | M27: 118800 | N27: 50 | O27: 49500 | P27: 60 | Q27: 59400 | R27: 394 | S27: 390060 | T27: 480 | U27: 249480 | V27: 250 | W27: 247500 | X27: 676 | Y27: 669240 | AB27: 131 | AC27: 129690 | AF27: 6 | AG27: 5940 | AH27: 6 | AI27: 5940 | AP27: =F27+H27+J27+L27+N27+P27+R27+T27+V27+X27+Z27+AB27+AD27+AF27+AH27+AJ27+AL27+AN27 -> 2533 | AQ27: =G27+I27+K27+M27+O27+Q27+S27+U27+W27+Y27+AA27+AC27+AE27+AG27+AI27+AK27+AM27+AO27 -> 2281950
A28: 23 | B28: 4971710580372 | C28: MUXC | D28: ONE BY KOSE | E28: ONE BY KOSE SERUM VEIL DEEP REPAIR | F28: 0 | G28: 0 | H28: 0 | I28: 0 | J28: 10 | K28: 26400 | L28: 5 | M28: 13200 | N28: 10 | O28: 26400 | P28: 0 | Q28: 0 | R28: 320 | S28: 844800 | T28: 266 | U28: 359040 | V28: 68 | W28: 179520 | X28: 50 | Y28: 132000 | AB28: 628 | AC28: 1657920 | AD28: 68 | AE28: 179520 | AF28: 120 | AG28: 316800 | AH28: 848 | AI28: 2238720 | AN28: 60 | AO28: 171600 | AP28: =F28+H28+J28+L28+N28+P28+R28+T28+V28+X28+Z28+AB28+AD28+AF28+AH28+AJ28+AL28+AN28 -> 2453 | AQ28: =G28+I28+K28+M28+O28+Q28+S28+U28+W28+Y28+AA28+AC28+AE28+AG28+AI28+AK28+AM28+AO28 -> 6145920
A29: 26 | B29: 4971710522839 | C29: DLID | D29: その他CCS | E29: CURL KEEP MAGIC ESSENCE REMOVER | F29: 0 | G29: 0 | H29: 35 | I29: 15400 | J29: 0 | K29: 0 | L29: 0 | M29: 0 | N29: 216 | O29: 95040 | P29: 0 | Q29: 0 | R29: 120 | S29: 52800 | V29: 160 | W29: 70400 | X29: 200 | Y29: 88000 | AD29: 300 | AE29: 132000 | AF29: 300 | AG29: 132000 | AH29: 1100 | AI29: 484000 | AP29: =F29+H29+J29+L29+N29+P29+R29+T29+V29+X29+Z29+AB29+AD29+AF29+AH29+AJ29+AL29+AN29 -> 2431 | AQ29: =G29+I29+K29+M29+O29+Q29+S29+U29+W29+Y29+AA29+AC29+AE29+AG29+AI29+AK29+AM29+AO29 -> 1069640
A30: 27 | B30: 4971710592955 | C30: YNGC001 | D30: VISEE | E30: VISEE COLOR DUO TRICK CONCEALER 01 | F30: 0 | G30: 0 | H30: 0 | I30: 0 | J30: 0 | K30: 0 | L30: 0 | M30: 0 | N30: 0 | O30: 0 | P30: 0 | Q30: 0 | R30: 65 | S30: 39325 | T30: 650 | U30: 196625 | V30: 39 | W30: 23595 | X30: 341 | Y30: 206305 | Z30: 32 | AA30: 19360 | AD30: 436 | AE30: 263780 | AF30: 30 | AG30: 18150 | AN30: 786 | AO30: 475530 | AP30: =F30+H30+J30+L30+N30+P30+R30+T30+V30+X30+Z30+AB30+AD30+AF30+AH30+AJ30+AL30+AN30 -> 2379 | AQ30: =G30+I30+K30+M30+O30+Q30+S30+U30+W30+Y30+AA30+AC30+AE30+AG30+AI30+AK30+AM30+AO30 -> 1242670
A31: 30 | B31: 4971710576634 | C31: MUPD | D31: ONE BY KOSE | E31: ONE BY KOSE CLEAR PEEL SERUM | F31: 30 | G31: 57750 | H31: 60 | I31: 115500 | J31: 145 | K31: 279125 | L31: 11 | M31: 21175 | N31: 50 | O31: 96250 | P31: 5 | Q31: 9625 | R31: 195 | S31: 375375 | T31: 152 | U31: 157850 | V31: 6 | W31: 11550 | X31: 70 | Y31: 134750 | Z31: 597 | AA31: 1149225 | AB31: 18 | AC31: 34650 | AD31: 16 | AE31: 30800 | AF31: 120 | AG31: 231000 | AH31: 656 | AI31: 1262800 | AN31: 61 | AO31: 117425 | AP31: =F31+H31+J31+L31+N31+P31+R31+T31+V31+X31+Z31+AB31+AD31+AF31+AH31+AJ31+AL31+AN31 -> 2192 | AQ31: =G31+I31+K31+M31+O31+Q31+S31+U31+W31+Y31+AA31+AC31+AE31+AG31+AI31+AK31+AM31+AO31 -> 4084850
A32: 28 | B32: 4971710573992 | C32: MTSE | D32: SEKKISEI | E32: SEKKISEI BRIGHTENING ESSENCE LOTION | F32: 0 | G32: 0 | H32: 0 | I32: 0 | J32: 0 | K32: 0 | L32: 0 | M32: 0 | N32: 0 | O32: 0 | P32: 0 | Q32: 0 | Z32: 237 | AA32: 703890 | AB32: 20 | AC32: 59400 | AD32: 150 | AE32: 445500 | AF32: 635 | AG32: 1885950 | AH32: 903 | AI32: 2681910 | AN32: 79 | AO32: 252010 | AP32: =F32+H32+J32+L32+N32+P32+R32+T32+V32+X32+Z32+AB32+AD32+AF32+AH32+AJ32+AL32+AN32 -> 2024 | AQ32: =G32+I32+K32+M32+O32+Q32+S32+U32+W32+Y32+AA32+AC32+AE32+AG32+AI32+AK32+AM32+AO32 -> 6028660
A33: 58 | B33: 4971710556766 | C33: DLEP | D33: MAKE KEEP | E33: MAKE KEEP POWDER | F33: 0 | G33: 0 | H33: 335 | I33: 221100 | J33: 115 | K33: 75900 | L33: 32 | M33: 21120 | N33: 572 | O33: 377520 | P33: 120 | Q33: 79200 | R33: 410 | S33: 270600 | T33: 276 | U33: 91080 | V33: 18 | W33: 11880 | X33: 120 | Y33: 79200 | AP33: =F33+H33+J33+L33+N33+P33+R33+T33+V33+X33+Z33+AB33+AD33+AF33+AH33+AJ33+AL33+AN33 -> 1998 | AQ33: =G33+I33+K33+M33+O33+Q33+S33+U33+W33+Y33+AA33+AC33+AE33+AG33+AI33+AK33+AM33+AO33 -> 1227600
A34: 33 | B34: 4971710568899 | C34: MUWI | D34: ONE BY KOSE | E34: ONE BY KOSE WRINKLE DOUBLE REPAIR | F34: 20 | G34: 29700 | H34: 10 | I34: 14850 | J34: 10 | K34: 14850 | L34: 5 | M34: 7425 | N34: 115 | O34: 170775 | P34: 0 | Q34: 0 | R34: 30 | S34: 44550 | T34: 156 | U34: 124740 | V34: 112 | W34: 166320 | X34: 46 | Y34: 68310 | Z34: 626 | AA34: 929610 | AB34: 60 | AC34: 89100 | AD34: 2 | AE34: 2970 | AF34: 48 | AG34: 71280 | AH34: 646 | AI34: 959310 | AN34: 100 | AO34: 148500 | AP34: =F34+H34+J34+L34+N34+P34+R34+T34+V34+X34+Z34+AB34+AD34+AF34+AH34+AJ34+AL34+AN34 -> 1986 | AQ34: =G34+I34+K34+M34+O34+Q34+S34+U34+W34+Y34+AA34+AC34+AE34+AG34+AI34+AK34+AM34+AO34 -> 2842290
A35: 29 | B35: 4971710573855 | C35: MTSC | D35: SEKKISEI | E35: SEKKISEI BRIGHTENING ESSENCE LOTION | F35: 0 | G35: 0 | H35: 0 | I35: 0 | J35: 0 | K35: 0 | L35: 0 | M35: 0 | N35: 0 | O35: 0 | P35: 0 | Q35: 0 | Z35: 270 | AA35: 519750 | AD35: 162 | AE35: 311850 | AF35: 372 | AG35: 716100 | AH35: 915 | AI35: 1761375 | AN35: 129 | AO35: 269610 | AP35: =F35+H35+J35+L35+N35+P35+R35+T35+V35+X35+Z35+AB35+AD35+AF35+AH35+AJ35+AL35+AN35 -> 1848 | AQ35: =G35+I35+K35+M35+O35+Q35+S35+U35+W35+Y35+AA35+AC35+AE35+AG35+AI35+AK35+AM35+AO35 -> 3578685
A36: 31 | B36: 4971710571868 | C36: MTSD | D36: SEKKISEI | E36: SEKKISEI BRIGHTENING EMULSION | F36: 0 | G36: 0 | H36: 0 | I36: 0 | J36: 0 | K36: 0 | L36: 0 | M36: 0 | N36: 0 | O36: 0 | P36: 0 | Q36: 0 | Z36: 274 | AA36: 572660 | AB36: 20 | AC36: 41800 | AD36: 6 | AE36: 12540 | AF36: 600 | AG36: 1254000 | AH36: 683 | AI36: 1427470 | AN36: 205 | AO36: 462275 | AP36: =F36+H36+J36+L36+N36+P36+R36+T36+V36+X36+Z36+AB36+AD36+AF36+AH36+AJ36+AL36+AN36 -> 1788 | AQ36: =G36+I36+K36+M36+O36+Q36+S36+U36+W36+Y36+AA36+AC36+AE36+AG36+AI36+AK36+AM36+AO36 -> 3770745
A37: 34 | B37: 4971710549805 | C37: MSYK | D37: ONE BY KOSE | E37: ONE BY KOSE MELANOSHOT W | F37: 0 | G37: 0 | H37: 70 | I37: 192500 | J37: 20 | K37: 55000 | L37: 25 | M37: 68750 | N37: 25 | O37: 68750 | P37: 72 | Q37: 198000 | R37: 317 | S37: 871750 | T37: 124 | U37: 203500 | V37: 70 | W37: 192500 | X37: 30 | Y37: 82500 | Z37: 311 | AA37: 855250 | AB37: 6 | AC37: 16500 | AD37: 47 | AE37: 129250 | AH37: 649 | AI37: 1784750 | AP37: =F37+H37+J37+L37+N37+P37+R37+T37+V37+X37+Z37+AB37+AD37+AF37+AH37+AJ37+AL37+AN37 -> 1766 | AQ37: =G37+I37+K37+M37+O37+Q37+S37+U37+W37+Y37+AA37+AC37+AE37+AG37+AI37+AK37+AM37+AO37 -> 4719000
A38: 40 | B38: 4971710571790 | C38: YNGV002 | D38: VISEE | E38: VISEE NUANCE DEWY CREATOR BE-2 | F38: 0 | G38: 0 | H38: 24 | I38: 15840 | J38: 24 | K38: 15840 | L38: 162 | M38: 106920 | N38: 0 | O38: 0 | P38: 25 | Q38: 16500 | R38: 15 | S38: 9900 | T38: 624 | U38: 205920 | V38: 150 | W38: 99000 | X38: 138 | Y38: 91080 | AD38: 8 | AE38: 5280 | AH38: 556 | AI38: 366960 | AN38: 24 | AO38: 15840 | AP38: =F38+H38+J38+L38+N38+P38+R38+T38+V38+X38+Z38+AB38+AD38+AF38+AH38+AJ38+AL38+AN38 -> 1750 | AQ38: =G38+I38+K38+M38+O38+Q38+S38+U38+W38+Y38+AA38+AC38+AE38+AG38+AI38+AK38+AM38+AO38 -> 949080
A39: 39 | B39: 4971710556865 | C39: YNST300 | D39: VISEE | E39: VISEE SHADE TRICK BR300 | F39: 80 | G39: 70400 | H39: 35 | I39: 30800 | J39: 21 | K39: 18480 | L39: 50 | M39: 44000 | N39: 67 | O39: 58960 | P39: 0 | Q39: 0 | R39: 172 | S39: 151360 | T39: 456 | U39: 200640 | V39: 60 | W39: 52800 | X39: 68 | Y39: 59840 | Z39: 72 | AA39: 63360 | AB39: 15 | AC39: 13200 | AD39: 108 | AE39: 95040 | AF39: 20 | AG39: 17600 | AH39: 312 | AI39: 274560 | AN39: 180 | AO39: 158400 | AP39: =F39+H39+J39+L39+N39+P39+R39+T39+V39+X39+Z39+AB39+AD39+AF39+AH39+AJ39+AL39+AN39 -> 1716 | AQ39: =G39+I39+K39+M39+O39+Q39+S39+U39+W39+Y39+AA39+AC39+AE39+AG39+AI39+AK39+AM39+AO39 -> 1309440
A40: 36 | B40: 4971710556827 | C40: YNFB001 | D40: VISEE | E40: VISEE GLOW BALM FOUNDATION 01 | F40: 0 | G40: 0 | H40: 0 | I40: 0 | J40: 95 | K40: 94050 | L40: 130 | M40: 128700 | N40: 60 | O40: 59400 | P40: 75 | Q40: 74250 | R40: 65 | S40: 64350 | T40: 204 | U40: 100980 | V40: 230 | W40: 227700 | X40: 30 | Y40: 29700 | Z40: 62 | AA40: 61380 | AB40: 9 | AC40: 8910 | AD40: 4 | AE40: 3960 | AF40: 60 | AG40: 59400 | AH40: 475 | AI40: 470250 | AN40: 154 | AO40: 152460 | AP40: =F40+H40+J40+L40+N40+P40+R40+T40+V40+X40+Z40+AB40+AD40+AF40+AH40+AJ40+AL40+AN40 -> 1653 | AQ40: =G40+I40+K40+M40+O40+Q40+S40+U40+W40+Y40+AA40+AC40+AE40+AG40+AI40+AK40+AM40+AO40 -> 1535490
A41: 37 | B41: 4971710524055 | C41: YNBX | D41: VISEE | E41: VISEE EYEBROW ENHANCER | F41: 0 | G41: 0 | H41: 0 | I41: 0 | J41: 0 | K41: 0 | L41: 100 | M41: 60500 | N41: 15 | O41: 9075 | P41: 120 | Q41: 72600 | R41: 291 | S41: 176055 | T41: 244 | U41: 73810 | V41: 250 | W41: 151250 | X41: 6 | Y41: 3630 | Z41: 40 | AA41: 24200 | AB41: 100 | AC41: 60500 | AD41: 40 | AE41: 24200 | AF41: 100 | AG41: 60500 | AH41: 200 | AI41: 121000 | AN41: 140 | AO41: 84700 | AP41: =F41+H41+J41+L41+N41+P41+R41+T41+V41+X41+Z41+AB41+AD41+AF41+AH41+AJ41+AL41+AN41 -> 1646 | AQ41: =G41+I41+K41+M41+O41+Q41+S41+U41+W41+Y41+AA41+AC41+AE41+AG41+AI41+AK41+AM41+AO41 -> 922020
A42: 425 | B42: 4971710471991 | C42: YNYK005 | D42: VISEE | E42: VISEE GEMMY RICH EYES BL-5 | G42: 0 | H42: 0 | I42: 0 | J42: 0 | K42: 0 | L42: 698 | M42: 460680 | N42: 818 | O42: 539880 | P42: 0 | Q42: 0 | AP42: =F42+H42+J42+L42+N42+P42+R42+T42+V42+X42+Z42+AB42+AD42+AF42+AH42+AJ42+AL42+AN42 -> 1516 | AQ42: =G42+I42+K42+M42+O42+Q42+S42+U42+W42+Y42+AA42+AC42+AE42+AG42+AI42+AK42+AM42+AO42 -> 1000560
A43: 35 | B43: 4971710581928 | C43: MTSX | D43: SEKKISEI | E43: SEKKISEI BRIGHTENING EMULSION | F43: 0 | G43: 0 | H43: 0 | I43: 0 | J43: 0 | K43: 0 | L43: 0 | M43: 0 | N43: 0 | O43: 0 | P43: 0 | Q43: 0 | Z43: 462 | AA43: 813120 | AB43: 20 | AC43: 35200 | AD43: 12 | AE43: 21120 | AF43: 320 | AG43: 563200 | AH43: 508 | AI43: 894080 | AN43: 177 | AO43: 330990 | AP43: =F43+H43+J43+L43+N43+P43+R43+T43+V43+X43+Z43+AB43+AD43+AF43+AH43+AJ43+AL43+AN43 -> 1499 | AQ43: =G43+I43+K43+M43+O43+Q43+S43+U43+W43+Y43+AA43+AC43+AE43+AG43+AI43+AK43+AM43+AO43 -> 2657710
A44: 41 | B44: 4971710556841 | C44: YNFB000 | D44: VISEE | E44: VISEE GLOW BALM FOUNDATION 00 | F44: 0 | G44: 0 | H44: 0 | I44: 0 | J44: 35 | K44: 34650 | L44: 30 | M44: 29700 | N44: 25 | O44: 24750 | P44: 70 | Q44: 69300 | R44: 170 | S44: 168300 | T44: 260 | U44: 128700 | V44: 72 | W44: 71280 | X44: 30 | Y44: 29700 | Z44: 38 | AA44: 37620 | AB44: 10 | AC44: 9900 | AD44: 2 | AE44: 1980 | AF44: 30 | AG44: 29700 | AH44: 520 | AI44: 514800 | AN44: 50 | AO44: 49500 | AP44: =F44+H44+J44+L44+N44+P44+R44+T44+V44+X44+Z44+AB44+AD44+AF44+AH44+AJ44+AL44+AN44 -> 1342 | AQ44: =G44+I44+K44+M44+O44+Q44+S44+U44+W44+Y44+AA44+AC44+AE44+AG44+AI44+AK44+AM44+AO44 -> 1199880
A45: 55 | B45: 4971710582864 | C45: YNRE800 | D45: VISEE | E45: VISEE ESSENCE LIP PLUMPER PK800 | F45: 0 | G45: 0 | H45: 50 | I45: 35750 | J45: 10 | K45: 7150 | L45: 42 | M45: 30030 | N45: 160 | O45: 114400 | P45: 20 | Q45: 14300 | T45: 632 | U45: 225940 | V45: 8 | W45: 5720 | X45: 6 | Y45: 4290 | Z45: 42 | AA45: 30030 | AD45: 2 | AE45: 1430 | AH45: 354 | AI45: 253110 | AP45: =F45+H45+J45+L45+N45+P45+R45+T45+V45+X45+Z45+AB45+AD45+AF45+AH45+AJ45+AL45+AN45 -> 1326 | AQ45: =G45+I45+K45+M45+O45+Q45+S45+U45+W45+Y45+AA45+AC45+AE45+AG45+AI45+AK45+AM45+AO45 -> 722150
A46: 38 | B46: 4971710595529 | C46: YNXX004 | D46: VISEE | E46: VISEE W MOOD EYES OR-4 | F46: 0 | G46: 0 | H46: 0 | I46: 0 | J46: 0 | K46: 0 | L46: 0 | M46: 0 | N46: 0 | O46: 0 | P46: 0 | Q46: 0 | T46: 58 | U46: 22330 | V46: 136 | W46: 104720 | X46: 174 | Y46: 133980 | Z46: 165 | AA46: 127050 | AB46: 242 | AC46: 186340 | AD46: 194 | AE46: 149380 | AH46: 206 | AI46: 158620 | AN46: 126 | AO46: 97020 | AP46: =F46+H46+J46+L46+N46+P46+R46+T46+V46+X46+Z46+AB46+AD46+AF46+AH46+AJ46+AL46+AN46 -> 1301 | AQ46: =G46+I46+K46+M46+O46+Q46+S46+U46+W46+Y46+AA46+AC46+AE46+AG46+AI46+AK46+AM46+AO46 -> 979440
A47: 42 | B47: 4971710278521 | C47: MUSE | D47: ONE BY KOSE | E47: ONE BY KOSE BALANCING TUNER | F47: 20 | G47: 49500 | H47: 10 | I47: 24750 | J47: 0 | K47: 0 | L47: 20 | M47: 49500 | N47: 32 | O47: 79200 | P47: 96 | Q47: 237600 | V47: 60 | W47: 148500 | Z47: 385 | AA47: 952875 | AD47: 32 | AE47: 79200 | AF47: 84 | AG47: 207900 | AH47: 408 | AI47: 1009800 | AN47: 120 | AO47: 297000 | AP47: =F47+H47+J47+L47+N47+P47+R47+T47+V47+X47+Z47+AB47+AD47+AF47+AH47+AJ47+AL47+AN47 -> 1267 | AQ47: =G47+I47+K47+M47+O47+Q47+S47+U47+W47+Y47+AA47+AC47+AE47+AG47+AI47+AK47+AM47+AO47 -> 3135825
A48: 54 | B48: 4971710576627 | C48: YNRF351 | D48: VISEE | E48: VISEE NENMAKU FAKE ROUGE BE351 | F48: 0 | G48: 0 | H48: 0 | I48: 0 | J48: 24 | K48: 18480 | L48: 200 | M48: 154000 | N48: 0 | O48: 0 | P48: 0 | Q48: 0 | R48: 10 | S48: 7700 | T48: 604 | U48: 232540 | V48: 30 | W48: 23100 | X48: 12 | Y48: 9240 | Z48: 30 | AA48: 23100 | AD48: 96 | AE48: 73920 | AF48: 36 | AG48: 27720 | AH48: 20 | AI48: 15400 | AN48: 200 | AO48: 154000 | AP48: =F48+H48+J48+L48+N48+P48+R48+T48+V48+X48+Z48+AB48+AD48+AF48+AH48+AJ48+AL48+AN48 -> 1262 | AQ48: =G48+I48+K48+M48+O48+Q48+S48+U48+W48+Y48+AA48+AC48+AE48+AG48+AI48+AK48+AM48+AO48 -> 739200
A49: 46 | B49: 4971710563238 | C49: DLBK | D49: MAKE KEEP | E49: MAKE KEEP PRIMER | F49: 0 | G49: 0 | H49: 30 | I49: 19800 | J49: 0 | K49: 0 | L49: 0 | M49: 0 | N49: 168 | O49: 110880 | P49: 65 | Q49: 42900 | R49: 120 | S49: 79200 | V49: 240 | W49: 158400 | X49: 80 | Y49: 52800 | Z49: 180 | AA49: 118800 | AD49: 45 | AE49: 29700 | AF49: 25 | AG49: 16500 | AH49: 96 | AI49: 63360 | AN49: 200 | AO49: 132000 | AP49: =F49+H49+J49+L49+N49+P49+R49+T49+V49+X49+Z49+AB49+AD49+AF49+AH49+AJ49+AL49+AN49 -> 1249 | AQ49: =G49+I49+K49+M49+O49+Q49+S49+U49+W49+Y49+AA49+AC49+AE49+AG49+AI49+AK49+AM49+AO49 -> 824340
A50: 45 | B50: 4971710593037 | C50: YNZH001 | D50: VISEE | E50: VISEE TRINITAS GLOW POWDER 01 | F50: 0 | G50: 0 | H50: 0 | I50: 0 | J50: 0 | K50: 0 | L50: 0 | M50: 0 | N50: 0 | O50: 0 | P50: 0 | Q50: 0 | R50: 120 | S50: 112200 | T50: 388 | U50: 181390 | V50: 50 | W50: 46750 | X50: 42 | Y50: 39270 | Z50: 125 | AA50: 116875 | AD50: 172 | AE50: 160820 | AF50: 30 | AG50: 28050 | AH50: 20 | AI50: 18700 | AN50: 242 | AO50: 226270 | AP50: =F50+H50+J50+L50+N50+P50+R50+T50+V50+X50+Z50+AB50+AD50+AF50+AH50+AJ50+AL50+AN50 -> 1189 | AQ50: =G50+I50+K50+M50+O50+Q50+S50+U50+W50+Y50+AA50+AC50+AE50+AG50+AI50+AK50+AM50+AO50 -> 930325
A51: 43 | B51: 4971710557718 | C51: DXJC002 | D51: FASIO | E51: FASIO AIRY STAY BB TINT UV 02 | F51: 10 | G51: 6600 | H51: 35 | I51: 23100 | J51: 35 | K51: 23100 | L51: 5 | M51: 3300 | N51: 60 | O51: 39600 | P51: 5 | Q51: 3300 | R51: 142 | S51: 93720 | T51: 64 | U51: 22440 | V51: 24 | W51: 15840 | X51: 172 | Y51: 113520 | Z51: 112 | AA51: 73920 | AD51: 236 | AE51: 155760 | AF51: 100 | AG51: 66000 | AH51: 32 | AI51: 21120 | AN51: 104 | AO51: 68640 | AP51: =F51+H51+J51+L51+N51+P51+R51+T51+V51+X51+Z51+AB51+AD51+AF51+AH51+AJ51+AL51+AN51 -> 1136 | AQ51: =G51+I51+K51+M51+O51+Q51+S51+U51+W51+Y51+AA51+AC51+AE51+AG51+AI51+AK51+AM51+AO51 -> 729960
A52: 48 | B52: 4971710489194 | C52: YNCG009 | D52: VISEE | E52: VISEE LIP & CHEEK CREAM N BR-9 | F52: 0 | G52: 0 | H52: 0 | I52: 0 | J52: 0 | K52: 0 | L52: 50 | M52: 27500 | N52: 110 | O52: 60500 | P52: 10 | Q52: 5500 | R52: 70 | S52: 38500 | T52: 180 | U52: 49500 | Z52: 260 | AA52: 143000 | AB52: 160 | AC52: 88000 | AD52: 15 | AE52: 8250 | AF52: 30 | AG52: 16500 | AH52: 165 | AI52: 90750 | AN52: 80 | AO52: 44000 | AP52: =F52+H52+J52+L52+N52+P52+R52+T52+V52+X52+Z52+AB52+AD52+AF52+AH52+AJ52+AL52+AN52 -> 1130 | AQ52: =G52+I52+K52+M52+O52+Q52+S52+U52+W52+Y52+AA52+AC52+AE52+AG52+AI52+AK52+AM52+AO52 -> 572000
A53: 44 | B53: 4971710568103 | C53: MSYZ | D53: ONE BY KOSE | E53: ONE BY KOSE MELANOSHOT W MASK | F53: 0 | G53: 0 | H53: 0 | I53: 0 | J53: 0 | K53: 0 | L53: 5 | M53: 13750 | N53: 0 | O53: 0 | P53: 0 | Q53: 0 | T53: 60 | U53: 82500 | Z53: 22 | AA53: 60500 | AD53: 2 | AE53: 5500 | AH53: 1008 | AI53: 2772000 | AP53: =F53+H53+J53+L53+N53+P53+R53+T53+V53+X53+Z53+AB53+AD53+AF53+AH53+AJ53+AL53+AN53 -> 1097 | AQ53: =G53+I53+K53+M53+O53+Q53+S53+U53+W53+Y53+AA53+AC53+AE53+AG53+AI53+AK53+AM53+AO53 -> 2934250
A54: 75 | B54: 4971710295252 | C54: MUZP | D54: ONE BY KOSE | E54: ONE BY KOSE THE WATER MATE | F54: 0 | G54: 0 | H54: 30 | I54: 34650 | J54: 0 | K54: 0 | L54: 15 | M54: 17325 | N54: 150 | O54: 173250 | P54: 230 | Q54: 265650 | R54: 120 | S54: 138600 | T54: 148 | U54: 106260 | V54: 62 | W54: 71610 | X54: 86 | Y54: 99330 | Z54: 160 | AA54: 184800 | AP54: =F54+H54+J54+L54+N54+P54+R54+T54+V54+X54+Z54+AB54+AD54+AF54+AH54+AJ54+AL54+AN54 -> 1001 | AQ54: =G54+I54+K54+M54+O54+Q54+S54+U54+W54+Y54+AA54+AC54+AE54+AG54+AI54+AK54+AM54+AO54 -> 1091475
A55: 56 | B55: 4971710561210 | C55: YNRF850 | D55: VISEE | E55: VISEE NENMAKU FAKE ROUGE PK850 | F55: 0 | G55: 0 | H55: 30 | I55: 23100 | J55: 5 | K55: 3850 | L55: 100 | M55: 77000 | N55: 40 | O55: 30800 | P55: 0 | Q55: 0 | R55: 91 | S55: 70070 | T55: 160 | U55: 61600 | V55: 2 | W55: 1540 | X55: 84 | Y55: 64680 | Z55: 108 | AA55: 83160 | AB55: 5 | AC55: 3850 | AD55: 66 | AE55: 50820 | AF55: 40 | AG55: 30800 | AH55: 87 | AI55: 66990 | AN55: 148 | AO55: 113960 | AP55: =F55+H55+J55+L55+N55+P55+R55+T55+V55+X55+Z55+AB55+AD55+AF55+AH55+AJ55+AL55+AN55 -> 966 | AQ55: =G55+I55+K55+M55+O55+Q55+S55+U55+W55+Y55+AA55+AC55+AE55+AG55+AI55+AK55+AM55+AO55 -> 682220
A56: 50 | B56: 4971710295818 | C56: MUWT | D56: ONE BY KOSE | E56: ONE BY KOSE THE WRINKLESS S | F56: 0 | G56: 0 | H56: 10 | I56: 40700 | J56: 0 | K56: 0 | L56: 5 | M56: 20350 | N56: 10 | O56: 40700 | P56: 24 | Q56: 97680 | R56: 122 | S56: 496540 | T56: 192 | U56: 463980 | V56: 105 | W56: 427350 | X56: 66 | Y56: 268620 | Z56: 148 | AA56: 602360 | AB56: 50 | AC56: 203500 | AD56: 44 | AE56: 179080 | AH56: 170 | AI56: 691900 | AP56: =F56+H56+J56+L56+N56+P56+R56+T56+V56+X56+Z56+AB56+AD56+AF56+AH56+AJ56+AL56+AN56 -> 946 | AQ56: =G56+I56+K56+M56+O56+Q56+S56+U56+W56+Y56+AA56+AC56+AE56+AG56+AI56+AK56+AM56+AO56 -> 3532760
A57: 97 | B57: 4971710571844 | C57: YNRE900 | D57: VISEE | E57: VISEE ESSENCE LIP PLUMPER BL900 | F57: 200 | G57: 143000 | H57: 0 | I57: 0 | J57: 0 | K57: 0 | L57: 0 | M57: 0 | N57: 276 | O57: 197340 | P57: 0 | Q57: 0 | R57: 100 | S57: 71500 | T57: 220 | U57: 78650 | V57: 30 | W57: 21450 | Z57: 115 | AA57: 82225 | AP57: =F57+H57+J57+L57+N57+P57+R57+T57+V57+X57+Z57+AB57+AD57+AF57+AH57+AJ57+AL57+AN57 -> 941 | AQ57: =G57+I57+K57+M57+O57+Q57+S57+U57+W57+Y57+AA57+AC57+AE57+AG57+AI57+AK57+AM57+AO57 -> 594165
A58: 59 | B58: 4971710494211 | C58: YNBN001 | D58: VISEE | E58: VISEE EYEBROW PENCIL S GY001 | F58: 130 | G58: 38610 | H58: 5 | I58: 1485 | J58: 0 | K58: 0 | L58: 56 | M58: 16632 | N58: 0 | O58: 0 | P58: 35 | Q58: 10395 | R58: 26 | S58: 7721 | T58: 24 | U58: 3564 | V58: 10 | W58: 2970 | X58: 68 | Y58: 20196 | Z58: 40 | AA58: 11880 | AB58: 12 | AC58: 3564 | AD58: 204 | AE58: 60588 | AF58: 104 | AG58: 30888 | AH58: 76 | AI58: 22572 | AN58: 126 | AO58: 37422 | AP58: =F58+H58+J58+L58+N58+P58+R58+T58+V58+X58+Z58+AB58+AD58+AF58+AH58+AJ58+AL58+AN58 -> 916 | AQ58: =G58+I58+K58+M58+O58+Q58+S58+U58+W58+Y58+AA58+AC58+AE58+AG58+AI58+AK58+AM58+AO58 -> 268487
A59: 52 | B59: 4971710557725 | C59: DXJC003 | D59: FASIO | E59: FASIO AIRY STAY BB TINT UV 03 | F59: 10 | G59: 6600 | H59: 55 | I59: 36300 | J59: 0 | K59: 0 | L59: 0 | M59: 0 | N59: 30 | O59: 19800 | P59: 0 | Q59: 0 | R59: 125 | S59: 82500 | T59: 66 | U59: 23760 | V59: 40 | W59: 26400 | X59: 120 | Y59: 79200 | Z59: 112 | AA59: 73920 | AD59: 72 | AE59: 47520 | AF59: 104 | AG59: 68640 | AH59: 30 | AI59: 19800 | AN59: 123 | AO59: 81180 | AP59: =F59+H59+J59+L59+N59+P59+R59+T59+V59+X59+Z59+AB59+AD59+AF59+AH59+AJ59+AL59+AN59 -> 887 | AQ59: =G59+I59+K59+M59+O59+Q59+S59+U59+W59+Y59+AA59+AC59+AE59+AG59+AI59+AK59+AM59+AO59 -> 565620
A60: 47 | B60: 4971710570250 | C60: MTSU | D60: SEKKISEI | E60: SEKKISEI BRIGHTENING CREAM | F60: 0 | G60: 0 | H60: 0 | I60: 0 | J60: 0 | K60: 0 | L60: 0 | M60: 0 | N60: 0 | O60: 0 | P60: 0 | Q60: 0 | Z60: 234 | AA60: 514800 | AH60: 316 | AI60: 695200 | AN60: 321 | AO60: 759165 | AP60: =F60+H60+J60+L60+N60+P60+R60+T60+V60+X60+Z60+AB60+AD60+AF60+AH60+AJ60+AL60+AN60 -> 871 | AQ60: =G60+I60+K60+M60+O60+Q60+S60+U60+W60+Y60+AA60+AC60+AE60+AG60+AI60+AK60+AM60+AO60 -> 1969165
A61: 62 | B61: 4971710593044 | C61: YNZH002 | D61: VISEE | E61: VISEE TRINITAS GLOW POWDER 02 | F61: 0 | G61: 0 | H61: 0 | I61: 0 | J61: 0 | K61: 0 | L61: 0 | M61: 0 | N61: 0 | O61: 0 | P61: 0 | Q61: 0 | R61: 120 | S61: 112200 | T61: 394 | U61: 184195 | V61: 12 | W61: 11220 | X61: 36 | Y61: 33660 | Z61: 100 | AA61: 93500 | AD61: 102 | AE61: 95370 | AH61: 15 | AI61: 14025 | AN61: 82 | AO61: 76670 | AP61: =F61+H61+J61+L61+N61+P61+R61+T61+V61+X61+Z61+AB61+AD61+AF61+AH61+AJ61+AL61+AN61 -> 861 | AQ61: =G61+I61+K61+M61+O61+Q61+S61+U61+W61+Y61+AA61+AC61+AE61+AG61+AI61+AK61+AM61+AO61 -> 620840
A62: 49 | B62: 4971710585278 | C62: MTOL | D62: SEKKISEI | E62: SEKKISEI BRIGHTENING FOAM CLEANSER | F62: 0 | G62: 0 | H62: 0 | I62: 0 | J62: 0 | K62: 0 | L62: 0 | M62: 0 | N62: 0 | O62: 0 | P62: 0 | Q62: 0 | Z62: 192 | AA62: 211200 | AD62: 100 | AE62: 110000 | AH62: 354 | AI62: 389400 | AN62: 202 | AO62: 255530 | AP62: =F62+H62+J62+L62+N62+P62+R62+T62+V62+X62+Z62+AB62+AD62+AF62+AH62+AJ62+AL62+AN62 -> 848 | AQ62: =G62+I62+K62+M62+O62+Q62+S62+U62+W62+Y62+AA62+AC62+AE62+AG62+AI62+AK62+AM62+AO62 -> 966130
A63: 73 | B63: 4971710494204 | C63: YNBN305 | D63: VISEE | E63: VISEE EYEBROW PENCIL S BR305 | F63: 0 | G63: 0 | H63: 5 | I63: 1485 | J63: 50 | K63: 14850 | L63: 85 | M63: 25245 | N63: 0 | O63: 0 | P63: 0 | Q63: 0 | R63: 80 | S63: 23760 | T63: 304 | U63: 45144 | V63: 6 | W63: 1782 | X63: 56 | Y63: 16632 | Z63: 106 | AA63: 31482 | AB63: 6 | AC63: 1782 | AD63: 16 | AE63: 4752 | AF63: 6 | AG63: 1782 | AH63: 10 | AI63: 2970 | AN63: 114 | AO63: 33858 | AP63: =F63+H63+J63+L63+N63+P63+R63+T63+V63+X63+Z63+AB63+AD63+AF63+AH63+AJ63+AL63+AN63 -> 844 | AQ63: =G63+I63+K63+M63+O63+Q63+S63+U63+W63+Y63+AA63+AC63+AE63+AG63+AI63+AK63+AM63+AO63 -> 205524
A64: 53 | B64: 4971710595499 | C64: YNXX001 | D64: VISEE | E64: VISEE W MOOD EYES BR-1 | F64: 0 | G64: 0 | H64: 0 | I64: 0 | J64: 0 | K64: 0 | L64: 0 | M64: 0 | N64: 0 | O64: 0 | P64: 0 | Q64: 0 | T64: 124 | U64: 47740 | V64: 220 | W64: 169400 | X64: 110 | Y64: 84700 | Z64: 38 | AA64: 29260 | AB64: 216 | AC64: 166320 | AF64: 20 | AG64: 15400 | AH64: 65 | AI64: 50050 | AN64: 30 | AO64: 23100 | AP64: =F64+H64+J64+L64+N64+P64+R64+T64+V64+X64+Z64+AB64+AD64+AF64+AH64+AJ64+AL64+AN64 -> 823 | AQ64: =G64+I64+K64+M64+O64+Q64+S64+U64+W64+Y64+AA64+AC64+AE64+AG64+AI64+AK64+AM64+AO64 -> 585970
A65: 63 | B65: 4971710582857 | C65: YNRE200 | D65: VISEE | E65: VISEE ESSENCE LIP PLUMPER OR200 | F65: 0 | G65: 0 | H65: 50 | I65: 35750 | J65: 10 | K65: 7150 | L65: 41 | M65: 29315 | N65: 1 | O65: 715 | P65: 0 | Q65: 0 | R65: 150 | S65: 107250 | T65: 152 | U65: 54340 | V65: 8 | W65: 5720 | X65: 6 | Y65: 4290 | Z65: 2 | AA65: 1430 | AD65: 2 | AE65: 1430 | AF65: 10 | AG65: 7150 | AH65: 300 | AI65: 214500 | AN65: 82 | AO65: 58630 | AP65: =F65+H65+J65+L65+N65+P65+R65+T65+V65+X65+Z65+AB65+AD65+AF65+AH65+AJ65+AL65+AN65 -> 814 | AQ65: =G65+I65+K65+M65+O65+Q65+S65+U65+W65+Y65+AA65+AC65+AE65+AG65+AI65+AK65+AM65+AO65 -> 527670
A66: 173 | B66: 4971710581911 | C66: YNRE002 | D66: VISEE | E66: VISEE ESSENCE LIP PLUMPER SP002 | F66: 0 | G66: 0 | H66: 0 | I66: 0 | J66: 300 | K66: 214500 | L66: 300 | M66: 214500 | N66: 40 | O66: 28600 | P66: 0 | Q66: 0 | R66: 100 | S66: 71500 | X66: 70 | Y66: 50050 | AP66: =F66+H66+J66+L66+N66+P66+R66+T66+V66+X66+Z66+AB66+AD66+AF66+AH66+AJ66+AL66+AN66 -> 810 | AQ66: =G66+I66+K66+M66+O66+Q66+S66+U66+W66+Y66+AA66+AC66+AE66+AG66+AI66+AK66+AM66+AO66 -> 579150
A67: 51 | B67: 4971710557732 | C67: DXJC001 | D67: FASIO | E67: FASIO AIRY STAY BB TINT UV 01 | F67: 10 | G67: 6600 | H67: 50 | I67: 33000 | J67: 40 | K67: 26400 | L67: 5 | M67: 3300 | N67: 10 | O67: 6600 | P67: 5 | Q67: 3300 | R67: 132 | S67: 87120 | T67: 64 | U67: 22440 | V67: 6 | W67: 3960 | X67: 66 | Y67: 43560 | Z67: 112 | AA67: 73920 | AD67: 188 | AE67: 124080 | AF67: 106 | AG67: 69960 | AH67: 10 | AI67: 6600 | AP67: =F67+H67+J67+L67+N67+P67+R67+T67+V67+X67+Z67+AB67+AD67+AF67+AH67+AJ67+AL67+AN67 -> 804 | AQ67: =G67+I67+K67+M67+O67+Q67+S67+U67+W67+Y67+AA67+AC67+AE67+AG67+AI67+AK67+AM67+AO67 -> 510840
A68: 88 | B68: 4971710588132 | C68: YNRE003 | D68: VISEE | E68: VISEE ESSENCE LIP PLUMPER SP003 | F68: 0 | G68: 0 | H68: 0 | I68: 0 | J68: 0 | K68: 0 | L68: 0 | M68: 0 | N68: 0 | O68: 0 | P68: 0 | Q68: 0 | T68: 600 | U68: 214500 | AB68: 20 | AC68: 14300 | AH68: 118 | AI68: 84370 | AP68: =F68+H68+J68+L68+N68+P68+R68+T68+V68+X68+Z68+AB68+AD68+AF68+AH68+AJ68+AL68+AN68 -> 738 | AQ68: =G68+I68+K68+M68+O68+Q68+S68+U68+W68+Y68+AA68+AC68+AE68+AG68+AI68+AK68+AM68+AO68 -> 313170
A69: 71 | B69: 4971710299212 | C69: MUCP | D69: ONE BY KOSE | E69: ONE BY KOSE DOUBLE BLACK WASHER | F69: 30 | G69: 29700 | H69: 60 | I69: 59400 | J69: 20 | K69: 19800 | L69: 35 | M69: 34650 | N69: 30 | O69: 29700 | P69: 0 | Q69: 0 | R69: 562 | S69: 556380 | AP69: =F69+H69+J69+L69+N69+P69+R69+T69+V69+X69+Z69+AB69+AD69+AF69+AH69+AJ69+AL69+AN69 -> 737 | AQ69: =G69+I69+K69+M69+O69+Q69+S69+U69+W69+Y69+AA69+AC69+AE69+AG69+AI69+AK69+AM69+AO69 -> 729630
A70: 96 | B70: 4971710576610 | C70: YNRF852 | D70: VISEE | E70: VISEE NENMAKU FAKE ROUGE PK852 | F70: 0 | G70: 0 | H70: 0 | I70: 0 | J70: 24 | K70: 18480 | L70: 200 | M70: 154000 | N70: 0 | O70: 0 | P70: 0 | Q70: 0 | R70: 10 | S70: 7700 | T70: 304 | U70: 117040 | V70: 30 | W70: 23100 | X70: 6 | Y70: 4620 | AD70: 30 | AE70: 23100 | AF70: 34 | AG70: 26180 | AH70: 8 | AI70: 6160 | AN70: 86 | AO70: 66220 | AP70: =F70+H70+J70+L70+N70+P70+R70+T70+V70+X70+Z70+AB70+AD70+AF70+AH70+AJ70+AL70+AN70 -> 732 | AQ70: =G70+I70+K70+M70+O70+Q70+S70+U70+W70+Y70+AA70+AC70+AE70+AG70+AI70+AK70+AM70+AO70 -> 446600
A71: 60 | B71: 4971710541212 | C71: MUZT | D71: ONE BY KOSE | E71: ONE BY KOSE DEEP HYDRATOR | F71: 0 | G71: 0 | H71: 10 | I71: 17600 | J71: 0 | K71: 0 | L71: 10 | M71: 17600 | N71: 10 | O71: 17600 | P71: 0 | Q71: 0 | R71: 138 | S71: 242880 | T71: 20 | U71: 28160 | X71: 43 | Y71: 75680 | Z71: 319 | AA71: 561440 | AD71: 1 | AE71: 1760 | AH71: 156 | AI71: 274560 | AP71: =F71+H71+J71+L71+N71+P71+R71+T71+V71+X71+Z71+AB71+AD71+AF71+AH71+AJ71+AL71+AN71 -> 707 | AQ71: =G71+I71+K71+M71+O71+Q71+S71+U71+W71+Y71+AA71+AC71+AE71+AG71+AI71+AK71+AM71+AO71 -> 1237280
A72: 83 | B72: 4971710490756 | C72: YNIT321 | D72: VISEE | E72: VISEE MELTY SHARP GEL LINER BR321 | F72: 0 | G72: 0 | H72: 0 | I72: 0 | J72: 0 | K72: 0 | L72: 60 | M72: 33000 | N72: 10 | O72: 5500 | P72: 0 | Q72: 0 | R72: 150 | S72: 82500 | T72: 360 | U72: 99000 | X72: 30 | Y72: 16500 | AD72: 30 | AE72: 16500 | AN72: 60 | AO72: 33000 | AP72: =F72+H72+J72+L72+N72+P72+R72+T72+V72+X72+Z72+AB72+AD72+AF72+AH72+AJ72+AL72+AN72 -> 700 | AQ72: =G72+I72+K72+M72+O72+Q72+S72+U72+W72+Y72+AA72+AC72+AE72+AG72+AI72+AK72+AM72+AO72 -> 286000
A73: 57 | B73: 4971710599923 | C73: MUSG | D73: ONE BY KOSE | E73: #N/AONE BY KOSE SERUM VEIL LOTION | AH73: 180 | AI73: 297000 | AN73: 517 | AO73: 853050 | AP73: =F73+H73+J73+L73+N73+P73+R73+T73+V73+X73+Z73+AB73+AD73+AF73+AH73+AJ73+AL73+AN73 -> 697 | AQ73: =G73+I73+K73+M73+O73+Q73+S73+U73+W73+Y73+AA73+AC73+AE73+AG73+AI73+AK73+AM73+AO73 -> 1150050
A74: 66 | B74: 4971710523065 | C74: DXKB410 | D74: FASIO | E74: FASIO AIRY STAY POWDER FOUNDATION 410 | F74: 6 | G74: 5280 | H74: 5 | I74: 4400 | J74: 0 | K74: 0 | L74: 4 | M74: 3520 | N74: 51 | O74: 44880 | P74: 0 | Q74: 0 | R74: 96 | S74: 84480 | T74: 12 | U74: 5280 | V74: 78 | W74: 68640 | X74: 11 | Y74: 9680 | Z74: 80 | AA74: 70400 | AD74: 98 | AE74: 86240 | AF74: 66 | AG74: 58080 | AH74: 90 | AI74: 79200 | AN74: 90 | AO74: 79200 | AP74: =F74+H74+J74+L74+N74+P74+R74+T74+V74+X74+Z74+AB74+AD74+AF74+AH74+AJ74+AL74+AN74 -> 687 | AQ74: =G74+I74+K74+M74+O74+Q74+S74+U74+W74+Y74+AA74+AC74+AE74+AG74+AI74+AK74+AM74+AO74 -> 599280
A75: 74 | B75: 4971710494167 | C75: YNBN300 | D75: VISEE | E75: VISEE EYEBROW PENCIL S BR300 | F75: 0 | G75: 0 | H75: 10 | I75: 2970 | J75: 0 | K75: 0 | L75: 30 | M75: 8910 | N75: 0 | O75: 0 | P75: 10 | Q75: 2970 | R75: 62 | S75: 18413 | T75: 188 | U75: 27918 | X75: 68 | Y75: 20196 | Z75: 106 | AA75: 31482 | AB75: 18 | AC75: 5346 | AD75: 6 | AE75: 1782 | AF75: 12 | AG75: 3564 | AH75: 54 | AI75: 16038 | AN75: 108 | AO75: 32076 | AP75: =F75+H75+J75+L75+N75+P75+R75+T75+V75+X75+Z75+AB75+AD75+AF75+AH75+AJ75+AL75+AN75 -> 672 | AQ75: =G75+I75+K75+M75+O75+Q75+S75+U75+W75+Y75+AA75+AC75+AE75+AG75+AI75+AK75+AM75+AO75 -> 171665
A76: 61 | B76: 4971710592993 | C76: YNGD005 | D76: VISEE | E76: VISEE COLOR DUO TRICK CONCEALER 05 | F76: 0 | G76: 0 | H76: 0 | I76: 0 | J76: 0 | K76: 0 | L76: 0 | M76: 0 | N76: 0 | O76: 0 | P76: 0 | Q76: 0 | R76: 65 | S76: 39325 | AD76: 232 | AE76: 140360 | AF76: 30 | AG76: 18150 | AH76: 8 | AI76: 4840 | AN76: 330 | AO76: 199650 | AP76: =F76+H76+J76+L76+N76+P76+R76+T76+V76+X76+Z76+AB76+AD76+AF76+AH76+AJ76+AL76+AN76 -> 665 | AQ76: =G76+I76+K76+M76+O76+Q76+S76+U76+W76+Y76+AA76+AC76+AE76+AG76+AI76+AK76+AM76+AO76 -> 402325
A77: 65 | B77: 4971710580471 | C77: DXAO001 | D77: FASIO | E77: FASIO LASH PERM MASCARA SKINNY 01 | F77: 0 | G77: 0 | H77: 0 | I77: 0 | J77: 0 | K77: 0 | L77: 0 | M77: 0 | N77: 30 | O77: 19800 | P77: 0 | Q77: 0 | R77: 120 | S77: 79200 | T77: 4 | U77: 1320 | V77: 32 | W77: 21120 | X77: 12 | Y77: 7920 | Z77: 60 | AA77: 39600 | AB77: 6 | AC77: 3960 | AD77: 105 | AE77: 69300 | AF77: 154 | AG77: 101640 | AH77: 6 | AI77: 3960 | AN77: 120 | AO77: 79200 | AP77: =F77+H77+J77+L77+N77+P77+R77+T77+V77+X77+Z77+AB77+AD77+AF77+AH77+AJ77+AL77+AN77 -> 649 | AQ77: =G77+I77+K77+M77+O77+Q77+S77+U77+W77+Y77+AA77+AC77+AE77+AG77+AI77+AK77+AM77+AO77 -> 427020
A78: 64 | B78: 4971710508833 | C78: YNFF405 | D78: VISEE | E78: VISEE FILTER SKIN FOUNDATION OC-405 | F78: 0 | G78: 0 | H78: 0 | I78: 0 | J78: 0 | K78: 0 | L78: 0 | M78: 0 | N78: 0 | O78: 0 | P78: 0 | Q78: 0 | R78: 6 | S78: 5280 | X78: 50 | Y78: 44000 | AD78: 35 | AE78: 30800 | AF78: 20 | AG78: 17600 | AH78: 250 | AI78: 220000 | AN78: 260 | AO78: 228800 | AP78: =F78+H78+J78+L78+N78+P78+R78+T78+V78+X78+Z78+AB78+AD78+AF78+AH78+AJ78+AL78+AN78 -> 621 | AQ78: =G78+I78+K78+M78+O78+Q78+S78+U78+W78+Y78+AA78+AC78+AE78+AG78+AI78+AK78+AM78+AO78 -> 546480
A79: 72 | B79: 4971710595536 | C79: YNXX005 | D79: VISEE | E79: VISEE W MOOD EYES PK-5 | F79: 0 | G79: 0 | H79: 0 | I79: 0 | J79: 0 | K79: 0 | L79: 0 | M79: 0 | N79: 0 | O79: 0 | P79: 0 | Q79: 0 | T79: 128 | U79: 49280 | V79: 136 | W79: 104720 | X79: 176 | Y79: 135520 | Z79: 30 | AA79: 23100 | AB79: 86 | AC79: 66220 | AH79: 65 | AI79: 50050 | AP79: =F79+H79+J79+L79+N79+P79+R79+T79+V79+X79+Z79+AB79+AD79+AF79+AH79+AJ79+AL79+AN79 -> 621 | AQ79: =G79+I79+K79+M79+O79+Q79+S79+U79+W79+Y79+AA79+AC79+AE79+AG79+AI79+AK79+AM79+AO79 -> 428890
A80: 76 | B80: 4971710513622 | C80: DXQT002 | D80: FASIO | E80: FASIO EYEBROW PENCIL 02 | F80: 0 | G80: 0 | H80: 30 | I80: 9060 | J80: 0 | K80: 0 | L80: 50 | M80: 15100 | N80: 30 | O80: 9060 | P80: 0 | Q80: 0 | R80: 246 | S80: 74291 | X80: 6 | Y80: 1812 | Z80: 60 | AA80: 18120 | AB80: 24 | AC80: 7248 | AD80: 64 | AE80: 19328 | AF80: 30 | AG80: 9060 | AH80: 25 | AI80: 7550 | AN80: 50 | AO80: 15100 | AP80: =F80+H80+J80+L80+N80+P80+R80+T80+V80+X80+Z80+AB80+AD80+AF80+AH80+AJ80+AL80+AN80 -> 615 | AQ80: =G80+I80+K80+M80+O80+Q80+S80+U80+W80+Y80+AA80+AC80+AE80+AG80+AI80+AK80+AM80+AO80 -> 185729
A81: 80 | B81: 4971710561227 | C81: YNRF851 | D81: VISEE | E81: VISEE NENMAKU FAKE ROUGE PK851 | F81: 0 | G81: 0 | H81: 24 | I81: 18480 | J81: 24 | K81: 18480 | L81: 52 | M81: 40040 | N81: 10 | O81: 7700 | P81: 0 | Q81: 0 | R81: 67 | S81: 51590 | T81: 80 | U81: 30800 | V81: 12 | W81: 9240 | X81: 42 | Y81: 32340 | Z81: 66 | AA81: 50820 | AB81: 7 | AC81: 5390 | AD81: 30 | AE81: 23100 | AF81: 32 | AG81: 24640 | AH81: 20 | AI81: 15400 | AN81: 149 | AO81: 114730 | AP81: =F81+H81+J81+L81+N81+P81+R81+T81+V81+X81+Z81+AB81+AD81+AF81+AH81+AJ81+AL81+AN81 -> 615 | AQ81: =G81+I81+K81+M81+O81+Q81+S81+U81+W81+Y81+AA81+AC81+AE81+AG81+AI81+AK81+AM81+AO81 -> 442750
A82: 67 | B82: 4971710582338 | C82: MTSY | D82: SEKKISEI | E82: SEKKISEI BRIGHTENING CREAM | F82: 0 | G82: 0 | H82: 0 | I82: 0 | J82: 0 | K82: 0 | L82: 0 | M82: 0 | N82: 0 | O82: 0 | P82: 0 | Q82: 0 | Z82: 266 | AA82: 526680 | AH82: 130 | AI82: 257400 | AN82: 216 | AO82: 463320 | AP82: =F82+H82+J82+L82+N82+P82+R82+T82+V82+X82+Z82+AB82+AD82+AF82+AH82+AJ82+AL82+AN82 -> 612 | AQ82: =G82+I82+K82+M82+O82+Q82+S82+U82+W82+Y82+AA82+AC82+AE82+AG82+AI82+AK82+AM82+AO82 -> 1247400
A83: 106 | B83: 4971710591088 | C83: YNRF352 | D83: VISEE | E83: VISEE NENMAKU FAKE ROUGE BR352 | F83: 0 | G83: 0 | H83: 0 | I83: 0 | J83: 0 | K83: 0 | L83: 0 | M83: 0 | N83: 0 | O83: 0 | P83: 0 | Q83: 0 | T83: 600 | U83: 231000 | V83: 6 | W83: 4620 | AP83: =F83+H83+J83+L83+N83+P83+R83+T83+V83+X83+Z83+AB83+AD83+AF83+AH83+AJ83+AL83+AN83 -> 606 | AQ83: =G83+I83+K83+M83+O83+Q83+S83+U83+W83+Y83+AA83+AC83+AE83+AG83+AI83+AK83+AM83+AO83 -> 235620
A84: 107 | B84: 4971710591095 | C84: YNRF651 | D84: VISEE | E84: VISEE NENMAKU FAKE ROUGE RO651 | F84: 0 | G84: 0 | H84: 0 | I84: 0 | J84: 0 | K84: 0 | L84: 0 | M84: 0 | N84: 0 | O84: 0 | P84: 0 | Q84: 0 | T84: 600 | U84: 231000 | V84: 6 | W84: 4620 | AP84: =F84+H84+J84+L84+N84+P84+R84+T84+V84+X84+Z84+AB84+AD84+AF84+AH84+AJ84+AL84+AN84 -> 606 | AQ84: =G84+I84+K84+M84+O84+Q84+S84+U84+W84+Y84+AA84+AC84+AE84+AG84+AI84+AK84+AM84+AO84 -> 235620
A85: 68 | B85: 4971710599954 | C85: MUSH | D85: ONE BY KOSE | E85: ONE BY KOSE SERUM VEIL LOTION | AH85: 600 | AI85: 858000 | AP85: =F85+H85+J85+L85+N85+P85+R85+T85+V85+X85+Z85+AB85+AD85+AF85+AH85+AJ85+AL85+AN85 -> 600 | AQ85: =G85+I85+K85+M85+O85+Q85+S85+U85+W85+Y85+AA85+AC85+AE85+AG85+AI85+AK85+AM85+AO85 -> 858000
A86: 70 | B86: 4971710494914 | C86: YNUR002 | D86: VISEE | E86: VISEE AVANT LIP & EYE COLOR PENCIL 002 | F86: 0 | G86: 0 | H86: 0 | I86: 0 | J86: 0 | K86: 0 | L86: 0 | M86: 0 | N86: 10 | O86: 6600 | P86: 0 | Q86: 0 | T86: 40 | U86: 13200 | V86: 20 | W86: 13200 | X86: 130 | Y86: 85800 | Z86: 50 | AA86: 33000 | AB86: 100 | AC86: 66000 | AD86: 100 | AE86: 66000 | AN86: 150 | AO86: 99000 | AP86: =F86+H86+J86+L86+N86+P86+R86+T86+V86+X86+Z86+AB86+AD86+AF86+AH86+AJ86+AL86+AN86 -> 600 | AQ86: =G86+I86+K86+M86+O86+Q86+S86+U86+W86+Y86+AA86+AC86+AE86+AG86+AI86+AK86+AM86+AO86 -> 382800
A87: 69 | B87: 4971710585254 | C87: MTOJ | D87: SEKKISEI | E87: SEKKISEI BRIGHTENING CLEANSING OIL | F87: 0 | G87: 0 | H87: 0 | I87: 0 | J87: 0 | K87: 0 | L87: 0 | M87: 0 | N87: 0 | O87: 0 | P87: 0 | Q87: 0 | Z87: 192 | AA87: 264000 | AF87: 20 | AG87: 27500 | AH87: 275 | AI87: 378125 | AN87: 99 | AO87: 147015 | AP87: =F87+H87+J87+L87+N87+P87+R87+T87+V87+X87+Z87+AB87+AD87+AF87+AH87+AJ87+AL87+AN87 -> 586 | AQ87: =G87+I87+K87+M87+O87+Q87+S87+U87+W87+Y87+AA87+AC87+AE87+AG87+AI87+AK87+AM87+AO87 -> 816640
A88: 86 | B88: 4971710592962 | C88: YNGC002 | D88: VISEE | E88: VISEE COLOR DUO TRICK CONCEALER 02 | F88: 0 | G88: 0 | H88: 0 | I88: 0 | J88: 0 | K88: 0 | L88: 0 | M88: 0 | N88: 0 | O88: 0 | P88: 0 | Q88: 0 | R88: 65 | S88: 39325 | T88: 270 | U88: 81675 | V88: 64 | W88: 38720 | X88: 12 | Y88: 7260 | Z88: 35 | AA88: 21175 | AB88: 14 | AC88: 8470 | AD88: 2 | AE88: 1210 | AH88: 25 | AI88: 15125 | AN88: 92 | AO88: 55660 | AP88: =F88+H88+J88+L88+N88+P88+R88+T88+V88+X88+Z88+AB88+AD88+AF88+AH88+AJ88+AL88+AN88 -> 579 | AQ88: =G88+I88+K88+M88+O88+Q88+S88+U88+W88+Y88+AA88+AC88+AE88+AG88+AI88+AK88+AM88+AO88 -> 268620
A89: 87 | B89: 4971710561258 | C89: YNRF350 | D89: VISEE | E89: VISEE NENMAKU FAKE ROUGE BR350 | F89: 0 | G89: 0 | H89: 24 | I89: 18480 | J89: 24 | K89: 18480 | L89: 2 | M89: 1540 | N89: 40 | O89: 30800 | P89: 32 | Q89: 24640 | R89: 83 | S89: 63910 | T89: 28 | U89: 10780 | V89: 8 | W89: 6160 | X89: 36 | Y89: 27720 | Z89: 82 | AA89: 63140 | AB89: 5 | AC89: 3850 | AD89: 2 | AE89: 1540 | AF89: 2 | AG89: 1540 | AH89: 54 | AI89: 41580 | AN89: 154 | AO89: 118580 | AP89: =F89+H89+J89+L89+N89+P89+R89+T89+V89+X89+Z89+AB89+AD89+AF89+AH89+AJ89+AL89+AN89 -> 576 | AQ89: =G89+I89+K89+M89+O89+Q89+S89+U89+W89+Y89+AA89+AC89+AE89+AG89+AI89+AK89+AM89+AO89 -> 432740
A90: 92 | B90: 4971710556834 | C90: YNFB002 | D90: VISEE | E90: VISEE GLOW BALM FOUNDATION 02 | F90: 0 | G90: 0 | H90: 5 | I90: 4950 | J90: 15 | K90: 14850 | L90: 55 | M90: 54450 | N90: 15 | O90: 14850 | P90: 65 | Q90: 64350 | R90: 50 | S90: 49500 | T90: 38 | U90: 18810 | V90: 2 | W90: 1980 | X90: 32 | Y90: 31680 | Z90: 55 | AA90: 54450 | AB90: 7 | AC90: 6930 | AD90: 4 | AE90: 3960 | AF90: 30 | AG90: 29700 | AH90: 120 | AI90: 118800 | AN90: 82 | AO90: 81180 | AP90: =F90+H90+J90+L90+N90+P90+R90+T90+V90+X90+Z90+AB90+AD90+AF90+AH90+AJ90+AL90+AN90 -> 575 | AQ90: =G90+I90+K90+M90+O90+Q90+S90+U90+W90+Y90+AA90+AC90+AE90+AG90+AI90+AK90+AM90+AO90 -> 550440
A91: 154 | B91: 4971710561241 | C91: YNRF650 | D91: VISEE | E91: VISEE NENMAKU FAKE ROUGE RO650 | F91: 0 | G91: 0 | H91: 0 | I91: 0 | J91: 0 | K91: 0 | L91: 55 | M91: 42350 | N91: 300 | O91: 231000 | P91: 5 | Q91: 3850 | R91: 12 | S91: 9240 | T91: 20 | U91: 7700 | V91: 2 | W91: 1540 | X91: 26 | Y91: 20020 | Z91: 2 | AA91: 1540 | AB91: 10 | AC91: 7700 | AD91: 32 | AE91: 24640 | AF91: 20 | AG91: 15400 | AH91: 4 | AI91: 3080 | AN91: 81 | AO91: 62370 | AP91: =F91+H91+J91+L91+N91+P91+R91+T91+V91+X91+Z91+AB91+AD91+AF91+AH91+AJ91+AL91+AN91 -> 569 | AQ91: =G91+I91+K91+M91+O91+Q91+S91+U91+W91+Y91+AA91+AC91+AE91+AG91+AI91+AK91+AM91+AO91 -> 430430
A92: 85 | B92: 4971710593020 | C92: YNGD008 | D92: VISEE | E92: VISEE COLOR DUO TRICK CONCEALER 08 | F92: 0 | G92: 0 | H92: 0 | I92: 0 | J92: 0 | K92: 0 | L92: 0 | M92: 0 | N92: 0 | O92: 0 | P92: 0 | Q92: 0 | R92: 65 | S92: 39325 | T92: 226 | U92: 68365 | V92: 24 | W92: 14520 | X92: 40 | Y92: 24200 | Z92: 12 | AA92: 7260 | AB92: 170 | AC92: 102850 | AD92: 2 | AE92: 1210 | AF92: 20 | AG92: 12100 | AH92: 2 | AI92: 1210 | AP92: =F92+H92+J92+L92+N92+P92+R92+T92+V92+X92+Z92+AB92+AD92+AF92+AH92+AJ92+AL92+AN92 -> 561 | AQ92: =G92+I92+K92+M92+O92+Q92+S92+U92+W92+Y92+AA92+AC92+AE92+AG92+AI92+AK92+AM92+AO92 -> 271040
A93: 77 | B93: 4971710595512 | C93: YNXX003 | D93: VISEE | E93: VISEE W MOOD EYES GY-3 | F93: 0 | G93: 0 | H93: 0 | I93: 0 | J93: 0 | K93: 0 | L93: 0 | M93: 0 | N93: 0 | O93: 0 | P93: 0 | Q93: 0 | T93: 98 | U93: 37730 | V93: 67 | W93: 51590 | X93: 100 | Y93: 77000 | Z93: 60 | AA93: 46200 | AB93: 60 | AC93: 46200 | AH93: 95 | AI93: 73150 | AN93: 70 | AO93: 53900 | AP93: =F93+H93+J93+L93+N93+P93+R93+T93+V93+X93+Z93+AB93+AD93+AF93+AH93+AJ93+AL93+AN93 -> 550 | AQ93: =G93+I93+K93+M93+O93+Q93+S93+U93+W93+Y93+AA93+AC93+AE93+AG93+AI93+AK93+AM93+AO93 -> 385770
A94: 90 | B94: 4971710593006 | C94: YNGD006 | D94: VISEE | E94: VISEE COLOR DUO TRICK CONCEALER 06 | F94: 0 | G94: 0 | H94: 0 | I94: 0 | J94: 0 | K94: 0 | L94: 0 | M94: 0 | N94: 0 | O94: 0 | P94: 0 | Q94: 0 | R94: 65 | S94: 39325 | T94: 238 | U94: 71995 | V94: 39 | W94: 23595 | X94: 6 | Y94: 3630 | AD94: 47 | AE94: 28435 | AF94: 30 | AG94: 18150 | AH94: 2 | AI94: 1210 | AN94: 120 | AO94: 72600 | AP94: =F94+H94+J94+L94+N94+P94+R94+T94+V94+X94+Z94+AB94+AD94+AF94+AH94+AJ94+AL94+AN94 -> 547 | AQ94: =G94+I94+K94+M94+O94+Q94+S94+U94+W94+Y94+AA94+AC94+AE94+AG94+AI94+AK94+AM94+AO94 -> 258940
A95: 89 | B95: 4971710593013 | C95: YNGD007 | D95: VISEE | E95: VISEE COLOR DUO TRICK CONCEALER 07 | F95: 0 | G95: 0 | H95: 0 | I95: 0 | J95: 0 | K95: 0 | L95: 0 | M95: 0 | N95: 0 | O95: 0 | P95: 0 | Q95: 0 | R95: 65 | S95: 39325 | T95: 216 | U95: 65340 | V95: 35 | W95: 21175 | X95: 2 | Y95: 1210 | Z95: 60 | AA95: 36300 | AB95: 14 | AC95: 8470 | AH95: 30 | AI95: 18150 | AN95: 122 | AO95: 73810 | AP95: =F95+H95+J95+L95+N95+P95+R95+T95+V95+X95+Z95+AB95+AD95+AF95+AH95+AJ95+AL95+AN95 -> 544 | AQ95: =G95+I95+K95+M95+O95+Q95+S95+U95+W95+Y95+AA95+AC95+AE95+AG95+AI95+AK95+AM95+AO95 -> 263780
A96: 84 | B96: 4971710523058 | C96: DXKB405 | D96: FASIO | E96: FASIO AIRY STAY POWDER FOUNDATION 405 | F96: 6 | G96: 5280 | H96: 5 | I96: 4400 | J96: 0 | K96: 0 | L96: 4 | M96: 3520 | N96: 15 | O96: 13200 | P96: 30 | Q96: 26400 | R96: 47 | S96: 41360 | T96: 12 | U96: 5280 | V96: 48 | W96: 42240 | X96: 25 | Y96: 22000 | Z96: 54 | AA96: 47520 | AD96: 64 | AE96: 56320 | AF96: 54 | AG96: 47520 | AH96: 80 | AI96: 70400 | AN96: 70 | AO96: 61600 | AP96: =F96+H96+J96+L96+N96+P96+R96+T96+V96+X96+Z96+AB96+AD96+AF96+AH96+AJ96+AL96+AN96 -> 514 | AQ96: =G96+I96+K96+M96+O96+Q96+S96+U96+W96+Y96+AA96+AC96+AE96+AG96+AI96+AK96+AM96+AO96 -> 447040
A97: 213 | B97: 4971710588125 | C97: YNRE301 | D97: VISEE | E97: VISEE ESSENCE LIP PLUMPER BR301 | F97: 0 | G97: 0 | H97: 0 | I97: 0 | J97: 0 | K97: 0 | L97: 0 | M97: 0 | N97: 300 | O97: 214500 | P97: 72 | Q97: 51480 | R97: 15 | S97: 10725 | T97: 12 | U97: 4290 | V97: 66 | W97: 47190 | X97: 36 | Y97: 25740 | AD97: 2 | AE97: 1430 | AH97: 2 | AI97: 1430 | AP97: =F97+H97+J97+L97+N97+P97+R97+T97+V97+X97+Z97+AB97+AD97+AF97+AH97+AJ97+AL97+AN97 -> 505 | AQ97: =G97+I97+K97+M97+O97+Q97+S97+U97+W97+Y97+AA97+AC97+AE97+AG97+AI97+AK97+AM97+AO97 -> 356785
A98: 78 | B98: 4971710599985 | C98: MUSO | D98: ONE BY KOSE | E98: ONE BY KOSE SERUM VEIL EMULSION | AH98: 500 | AI98: 797500 | AP98: =F98+H98+J98+L98+N98+P98+R98+T98+V98+X98+Z98+AB98+AD98+AF98+AH98+AJ98+AL98+AN98 -> 500 | AQ98: =G98+I98+K98+M98+O98+Q98+S98+U98+W98+Y98+AA98+AC98+AE98+AG98+AI98+AK98+AM98+AO98 -> 797500
A99: 81 | B99: 4971710569193 | C99: DXFX002 | D99: FASIO | E99: FASIO AIRY STAY BB TINT MOIST 02 | F99: 10 | G99: 6600 | H99: 30 | I99: 19800 | J99: 5 | K99: 3300 | L99: 40 | M99: 26400 | N99: 10 | O99: 6600 | P99: 0 | Q99: 0 | R99: 137 | S99: 90420 | T99: 12 | U99: 3960 | X99: 62 | Y99: 40920 | Z99: 50 | AA99: 33000 | AB99: 12 | AC99: 7920 | AF99: 6 | AG99: 3960 | AH99: 54 | AI99: 35640 | AN99: 50 | AO99: 33000 | AP99: =F99+H99+J99+L99+N99+P99+R99+T99+V99+X99+Z99+AB99+AD99+AF99+AH99+AJ99+AL99+AN99 -> 478 | AQ99: =G99+I99+K99+M99+O99+Q99+S99+U99+W99+Y99+AA99+AC99+AE99+AG99+AI99+AK99+AM99+AO99 -> 311520
A100: 91 | B100: 4971710566147 | C100: DXYX002 | D100: FASIO | E100: FASIO WATERPROOF EYEBROW SLIM 02 | F100: 0 | G100: 0 | H100: 30 | I100: 16500 | J100: 10 | K100: 5500 | L100: 0 | M100: 0 | N100: 30 | O100: 16500 | P100: 0 | Q100: 0 | R100: 152 | S100: 83600 | V100: 2 | W100: 1100 | X100: 1 | Y100: 550 | Z100: 80 | AA100: 44000 | AB100: 6 | AC100: 3300 | AD100: 44 | AE100: 24200 | AF100: 6 | AG100: 3300 | AH100: 66 | AI100: 36300 | AN100: 50 | AO100: 27500 | AP100: =F100+H100+J100+L100+N100+P100+R100+T100+V100+X100+Z100+AB100+AD100+AF100+AH100+AJ100+AL100+AN100 -> 477 | AQ100: =G100+I100+K100+M100+O100+Q100+S100+U100+W100+Y100+AA100+AC100+AE100+AG100+AI100+AK100+AM100+AO100 -> 262350
...

Sheet 金額
A1: No. | B1: JANコード | C1: 商品符号 | D1: ブランド | E1: 商品名称 | F1: 2407 | G1: 2408 | H1: 2409 | I1: 2410 | J1: 2411 | K1: 2412 | L1: 2501 | M1: 2502 | N1: 2503 | O1: 2504 | P1: 2505 | Q1: 2506 | R1: 2507 | S1: 2508 | T1: 2509 | U1: 2510 | V1: 2511 | W1: 2512
F2: 金額 | G2: 金額 | H2: 金額 | I2: 金額 | J2: 金額 | K2: 金額 | L2: 金額 | M2: 金額 | N2: 金額 | O2: 金額 | P2: 金額 | Q2: 金額 | R2: 金額 | S2: 金額 | T2: 金額 | U2: 金額 | V2: 金額 | W2: 金額
A3: 1 | B3: 4971710576306 | C3: DLEA | D3: MAKE KEEP | E3: MAKE KEEP MIST EX + | F3: 0 | G3: 85800 | H3: 26400 | I3: 93720 | J3: 209880 | K3: 0 | L3: 1333200 | M3: 1631520 | N3: 5488560 | O3: 8102160 | P3: 13332660 | Q3: 9139680 | R3: 20606520 | S3: 17160000 | T3: 42472320
A4: 2 | B4: 4971710565065 | C4: MUSC | D4: ONE BY KOSE | E4: ONE BY KOSE SERUM SHIELD | F4: 110000 | G4: 453750 | H4: 82500 | I4: 522500 | J4: 2483250 | K4: 3080000 | L4: 9190500 | M4: 5714500 | N4: 2546500 | O4: 6083000 | P4: 16464250 | Q4: 3080000 | R4: 7144500 | S4: 4675000 | T4: 45254000
A5: 3 | B5: 4971710574852 | C5: MUCI | D5: ONE BY KOSE | E5: ONE BY KOSE PORE CLEAR OIL（Refill） | F5: 0 | G5: 49500 | H5: 0 | I5: 37125 | J5: 264000 | K5: 561000 | L5: 503250 | M5: 740850 | N5: 394350 | O5: 2103750 | P5: 3836250 | Q5: 297000 | R5: 3387450 | S5: 3048375 | T5: 14012625
A6: 4 | B6: 4971710598711 | C6: DLFP | D6: MAKE KEEP | E6: MAKE KEEP POWDER ＥＸ | F6: 0 | G6: 0 | H6: 0 | I6: 0 | J6: 0 | K6: 0 | Q6: 798336 | R6: 5345802 | S6: 8052660 | T6: 2062368 | W6: 66528
A7: 5 | B7: 4971710511505 | C7: DLIB | D7: その他CCS | E7: CURL KEEP MAGIC | F7: 0 | G7: 4950 | H7: 14850 | I7: 0 | J7: 178200 | K7: 0 | L7: 1386000 | M7: 1485000 | O7: 990000 | P7: 24750 | R7: 1757250 | S7: 990000 | T7: 2475000
A8: 6 | B8: 4971710580044 | C8: DLCE | D8: MAKE KEEP | E8: MAKE KEEP PRIMER COOL | F8: 0 | G8: 9900 | H8: 0 | I8: 0 | J8: 0 | K8: 0 | P8: 39600 | Q8: 818400 | R8: 2640000 | S8: 1650000
A9: 7 | B9: 4971710590500 | C9: DLCH | D9: MAKE KEEP | E9: MAKE KEEP MIST EX + SAKURA CHERRY | F9: 0 | G9: 0 | H9: 0 | I9: 0 | J9: 0 | K9: 0 | O9: 2376000 | P9: 1980000 | R9: 66000
A10: 8 | B10: 4971710579291 | C10: DLCC | D10: MAKE KEEP | E10: MAKE KEEP MIST EX + COOL | F10: 0 | G10: 0 | H10: 0 | I10: 0 | J10: 0 | K10: 0 | P10: 3769920 | Q10: 491040
A11: 9 | B11: 4971710551006 | C11: YNRE001 | D11: VISEE | E11: VISEE ESSENCE LIP PLUMPER SP001 | F11: 1079650 | G11: 38610 | H11: 17160 | I11: 47190 | J11: 579150 | K11: 64350 | L11: 926640 | M11: 447590 | N11: 602030 | O11: 25740 | P11: 370370 | Q11: 51480 | R11: 253110 | S11: 429000 | T11: 1411410
A12: 10 | B12: 4971710595789 | C12: MUCF | D12: ONE BY KOSE | E12: ONE BY KOSE PORE CLEAR SCRUB WASH | F12: 0 | G12: 0 | H12: 0 | I12: 0 | J12: 0 | K12: 0 | P12: 740520 | R12: 1138500 | T12: 3762000
A13: 11 | B13: 4971710571837 | C13: YNRE300 | D13: VISEE | E13: VISEE ESSENCE LIP PLUMPER BE300 | F13: 364650 | G13: 24310 | H13: 17160 | I13: 329615 | J13: 193050 | K13: 135850 | L13: 657800 | M13: 592020 | N13: 530530 | O13: 17160 | Q13: 35750 | R13: 8580 | S13: 30030 | T13: 570570 | W13: 396825
A14: 12 | B14: 4971710580600 | C14: MTSW | D14: SEKKISEI | E14: SEKKISEI BRIGHTENING ESSENCE LOTION | F14: 0 | G14: 0 | H14: 0 | I14: 0 | J14: 0 | K14: 0 | P14: 1706100 | R14: 780670 | S14: 2217930 | T14: 3903350 | W14: 1670900
A15: 13 | B15: 4971710590524 | C15: DLCJ | D15: MAKE KEEP | E15: MAKE KEEP POWDER SAKURA CHERRY | F15: 0 | G15: 0 | H15: 0 | I15: 0 | J15: 0 | K15: 0 | O15: 234960 | P15: 1782000 | R15: 462000
A16: 14 | B16: 4971710577341 | C16: MUXA | D16: ONE BY KOSE | E16: ONE BY KOSE SERUM VEIL DEEP REPAIR | F16: 0 | G16: 0 | H16: 27500 | I16: 13750 | J16: 82500 | K16: 0 | L16: 1067000 | M16: 574750 | N16: 544500 | O16: 220000 | P16: 2128500 | Q16: 148500 | R16: 121000 | S16: 687500 | T16: 1864500 | W16: 1425600
A17: 15 | B17: 4971710546071 | C17: MUZU | D17: ONE BY KOSE | E17: ONE BY KOSE DEEP HYDRATOR | F17: 0 | G17: 63800 | H17: 0 | I17: 79750 | J17: 47850 | K17: 162690 | L17: 778360 | M17: 236060 | N17: 245630 | O17: 194590 | P17: 957000 | Q17: 47850 | R17: 9570 | S17: 462550 | T17: 1518440 | W17: 382800
A18: 16 | B18: 4971710580396 | C18: MUXD | D18: ONE BY KOSE | E18: ONE BY KOSE SERUM VEIL DEEP REPAIR | F18: 0 | G18: 91300 | H18: 45650 | I18: 159775 | J18: 136950 | K18: 0 | L18: 1460800 | M18: 1168640 | N18: 1415150 | O18: 547800 | P18: 2424015 | Q18: 365200 | R18: 27390 | S18: 913000 | T18: 5030630 | W18: 237600
A19: 17 | B19: 4971710539189 | C19: YNCF | D19: VISEE | E19: VISEE RED TRICK EYE CONCEALER | F19: 441650 | G19: 180895 | H19: 14520 | I19: 7260 | J19: 235950 | K19: 142175 | L19: 804045 | M19: 273460 | N19: 182710 | O19: 14520 | P19: 485210 | Q19: 32065
A20: 18 | B20: 4971710576573 | C20: DLEB | D20: MAKE KEEP | E20: MAKE KEEP MIST EX +＜35mL＞ | F20: 0 | G20: 165000 | H20: 13200 | I20: 0 | J20: 31680 | K20: 4400 | L20: 388080 | M20: 51040 | N20: 4840 | O20: 220880 | P20: 12320 | Q20: 73920 | R20: 66880 | S20: 84480 | T20: 356400 | W20: 39259
A21: 19 | B21: 4971710588163 | C21: DLSC | D21: その他CCS | E21: SUPER UV PROTECTOR | F21: 0 | G21: 0 | H21: 0 | I21: 0 | J21: 0 | K21: 0 | O21: 22880 | Q21: 87230 | R21: 143000 | S21: 14300 | T21: 1775345 | W21: 21450
A22: 20 | B22: 4971710595543 | C22: YNXX006 | D22: VISEE | E22: VISEE W MOOD EYES BL-6 | F22: 0 | G22: 0 | H22: 0 | I22: 0 | J22: 0 | K22: 0 | M22: 415800 | N22: 308000 | O22: 377300 | P22: 281050 | Q22: 275660 | R22: 69300 | S22: 38500 | T22: 161700 | W22: 92400
A23: 21 | B23: 4971710576641 | C23: MUPE | D23: ONE BY KOSE | E23: ONE BY KOSE CLEAR PEEL SERUM | F23: 36300 | G23: 81675 | H23: 72600 | I23: 45375 | J23: 181500 | K23: 87120 | L23: 235950 | M23: 123420 | N23: 134310 | O23: 245025 | P23: 1150710 | Q23: 145200 | R23: 3630 | S23: 228690 | T23: 2326830
A24: 22 | B24: 4971710549812 | C24: MSYN | D24: VISEE | E24: ONE BY KOSE MELANOSHOT W | F24: 75900 | G24: 0 | H24: 189750 | I24: 113850 | J24: 75900 | K24: 478170 | L24: 455400 | M24: 409860 | N24: 527505 | O24: 645150 | P24: 595815 | Q24: 394680 | R24: 721050 | S24: 986700 | T24: 4538820
A25: 23 | B25: 4971710580372 | C25: MUXC | D25: ONE BY KOSE | E25: ONE BY KOSE SERUM VEIL DEEP REPAIR | F25: 0 | G25: 0 | H25: 26400 | I25: 13200 | J25: 26400 | K25: 0 | L25: 844800 | M25: 359040 | N25: 179520 | O25: 132000 | Q25: 1657920 | R25: 179520 | S25: 316800 | T25: 2238720 | W25: 171600
A26: 24 | B26: 4971710557787 | C26: DXPO000 | D26: FASIO | E26: FASIO PORE SMOOTH PRIMER 00 | F26: 0 | G26: 14850 | H26: 14850 | I26: 9900 | J26: 42570 | K26: 49500 | L26: 110880 | M26: 2970 | N26: 74250 | O26: 139590 | P26: 74250 | Q26: 30690 | R26: 111870 | S26: 149490 | T26: 271260 | W26: 154440
A27: 25 | B27: 4971710549782 | C27: MSYJ | D27: ONE BY KOSE | E27: ONE BY KOSE MELANOSHOT W | F27: 87450 | G27: 174900 | H27: 72875 | I27: 87450 | J27: 122430 | K27: 227370 | L27: 670450 | M27: 145750 | N27: 343970 | O27: 291500 | P27: 174900 | Q27: 256520 | R27: 574255 | S27: 685025 | T27: 3413465
A28: 26 | B28: 4971710522839 | C28: DLID | D28: その他CCS | E28: CURL KEEP MAGIC ESSENCE REMOVER | F28: 0 | G28: 15400 | H28: 0 | I28: 0 | J28: 95040 | K28: 0 | L28: 52800 | N28: 70400 | O28: 88000 | R28: 132000 | S28: 132000 | T28: 484000
A29: 27 | B29: 4971710592955 | C29: YNGC001 | D29: VISEE | E29: VISEE COLOR DUO TRICK CONCEALER 01 | F29: 0 | G29: 0 | H29: 0 | I29: 0 | J29: 0 | K29: 0 | L29: 39325 | M29: 196625 | N29: 23595 | O29: 206305 | P29: 19360 | R29: 263780 | S29: 18150 | W29: 475530
A30: 28 | B30: 4971710573992 | C30: MTSE | D30: SEKKISEI | E30: SEKKISEI BRIGHTENING ESSENCE LOTION | F30: 0 | G30: 0 | H30: 0 | I30: 0 | J30: 0 | K30: 0 | P30: 703890 | Q30: 59400 | R30: 445500 | S30: 1885950 | T30: 2681910 | W30: 252010
A31: 29 | B31: 4971710573855 | C31: MTSC | D31: SEKKISEI | E31: SEKKISEI BRIGHTENING ESSENCE LOTION | F31: 0 | G31: 0 | H31: 0 | I31: 0 | J31: 0 | K31: 0 | P31: 519750 | R31: 311850 | S31: 716100 | T31: 1761375 | W31: 269610
A32: 30 | B32: 4971710576634 | C32: MUPD | D32: ONE BY KOSE | E32: ONE BY KOSE CLEAR PEEL SERUM | F32: 57750 | G32: 115500 | H32: 279125 | I32: 21175 | J32: 96250 | K32: 9625 | L32: 375375 | M32: 157850 | N32: 11550 | O32: 134750 | P32: 1149225 | Q32: 34650 | R32: 30800 | S32: 231000 | T32: 1262800 | W32: 117425
A33: 31 | B33: 4971710571868 | C33: MTSD | D33: SEKKISEI | E33: SEKKISEI BRIGHTENING EMULSION | F33: 0 | G33: 0 | H33: 0 | I33: 0 | J33: 0 | K33: 0 | P33: 572660 | Q33: 41800 | R33: 12540 | S33: 1254000 | T33: 1427470 | W33: 462275
A34: 32 | B34: 4971710561395 | C34: MUCH | D34: ONE BY KOSE | E34: ONE BY KOSE PORE CLEAR OIL | F34: 19800 | G34: 297000 | H34: 39600 | I34: 118800 | J34: 49500 | K34: 59400 | L34: 390060 | M34: 249480 | N34: 247500 | O34: 669240 | Q34: 129690 | S34: 5940 | T34: 5940
A35: 33 | B35: 4971710568899 | C35: MUWI | D35: ONE BY KOSE | E35: ONE BY KOSE WRINKLE DOUBLE REPAIR | F35: 29700 | G35: 14850 | H35: 14850 | I35: 7425 | J35: 170775 | K35: 0 | L35: 44550 | M35: 124740 | N35: 166320 | O35: 68310 | P35: 929610 | Q35: 89100 | R35: 2970 | S35: 71280 | T35: 959310 | W35: 148500
A36: 34 | B36: 4971710549805 | C36: MSYK | D36: ONE BY KOSE | E36: ONE BY KOSE MELANOSHOT W | F36: 0 | G36: 192500 | H36: 55000 | I36: 68750 | J36: 68750 | K36: 198000 | L36: 871750 | M36: 203500 | N36: 192500 | O36: 82500 | P36: 855250 | Q36: 16500 | R36: 129250 | T36: 1784750
A37: 35 | B37: 4971710581928 | C37: MTSX | D37: SEKKISEI | E37: SEKKISEI BRIGHTENING EMULSION | F37: 0 | G37: 0 | H37: 0 | I37: 0 | J37: 0 | K37: 0 | P37: 813120 | Q37: 35200 | R37: 21120 | S37: 563200 | T37: 894080 | W37: 330990
A38: 36 | B38: 4971710556827 | C38: YNFB001 | D38: VISEE | E38: VISEE GLOW BALM FOUNDATION 01 | F38: 0 | G38: 0 | H38: 94050 | I38: 128700 | J38: 59400 | K38: 74250 | L38: 64350 | M38: 100980 | N38: 227700 | O38: 29700 | P38: 61380 | Q38: 8910 | R38: 3960 | S38: 59400 | T38: 470250 | W38: 152460
A39: 37 | B39: 4971710524055 | C39: YNBX | D39: VISEE | E39: VISEE EYEBROW ENHANCER | F39: 0 | G39: 0 | H39: 0 | I39: 60500 | J39: 9075 | K39: 72600 | L39: 176055 | M39: 73810 | N39: 151250 | O39: 3630 | P39: 24200 | Q39: 60500 | R39: 24200 | S39: 60500 | T39: 121000 | W39: 84700
A40: 38 | B40: 4971710595529 | C40: YNXX004 | D40: VISEE | E40: VISEE W MOOD EYES OR-4 | F40: 0 | G40: 0 | H40: 0 | I40: 0 | J40: 0 | K40: 0 | M40: 22330 | N40: 104720 | O40: 133980 | P40: 127050 | Q40: 186340 | R40: 149380 | T40: 158620 | W40: 97020
A41: 39 | B41: 4971710556865 | C41: YNST300 | D41: VISEE | E41: VISEE SHADE TRICK BR300 | F41: 70400 | G41: 30800 | H41: 18480 | I41: 44000 | J41: 58960 | K41: 0 | L41: 151360 | M41: 200640 | N41: 52800 | O41: 59840 | P41: 63360 | Q41: 13200 | R41: 95040 | S41: 17600 | T41: 274560 | W41: 158400
A42: 40 | B42: 4971710571790 | C42: YNGV002 | D42: VISEE | E42: VISEE NUANCE DEWY CREATOR BE-2 | F42: 0 | G42: 15840 | H42: 15840 | I42: 106920 | J42: 0 | K42: 16500 | L42: 9900 | M42: 205920 | N42: 99000 | O42: 91080 | R42: 5280 | T42: 366960 | W42: 15840
A43: 41 | B43: 4971710556841 | C43: YNFB000 | D43: VISEE | E43: VISEE GLOW BALM FOUNDATION 00 | F43: 0 | G43: 0 | H43: 34650 | I43: 29700 | J43: 24750 | K43: 69300 | L43: 168300 | M43: 128700 | N43: 71280 | O43: 29700 | P43: 37620 | Q43: 9900 | R43: 1980 | S43: 29700 | T43: 514800 | W43: 49500
A44: 42 | B44: 4971710278521 | C44: MUSE | D44: ONE BY KOSE | E44: ONE BY KOSE BALANCING TUNER | F44: 49500 | G44: 24750 | H44: 0 | I44: 49500 | J44: 79200 | K44: 237600 | N44: 148500 | P44: 952875 | R44: 79200 | S44: 207900 | T44: 1009800 | W44: 297000
A45: 43 | B45: 4971710557718 | C45: DXJC002 | D45: FASIO | E45: FASIO AIRY STAY BB TINT UV 02 | F45: 6600 | G45: 23100 | H45: 23100 | I45: 3300 | J45: 39600 | K45: 3300 | L45: 93720 | M45: 22440 | N45: 15840 | O45: 113520 | P45: 73920 | R45: 155760 | S45: 66000 | T45: 21120 | W45: 68640
A46: 44 | B46: 4971710568103 | C46: MSYZ | D46: ONE BY KOSE | E46: ONE BY KOSE MELANOSHOT W MASK | F46: 0 | G46: 0 | H46: 0 | I46: 13750 | J46: 0 | K46: 0 | M46: 82500 | P46: 60500 | R46: 5500 | T46: 2772000
A47: 45 | B47: 4971710593037 | C47: YNZH001 | D47: VISEE | E47: VISEE TRINITAS GLOW POWDER 01 | F47: 0 | G47: 0 | H47: 0 | I47: 0 | J47: 0 | K47: 0 | L47: 112200 | M47: 181390 | N47: 46750 | O47: 39270 | P47: 116875 | R47: 160820 | S47: 28050 | T47: 18700 | W47: 226270
A48: 46 | B48: 4971710563238 | C48: DLBK | D48: MAKE KEEP | E48: MAKE KEEP PRIMER | F48: 0 | G48: 19800 | H48: 0 | I48: 0 | J48: 110880 | K48: 42900 | L48: 79200 | N48: 158400 | O48: 52800 | P48: 118800 | R48: 29700 | S48: 16500 | T48: 63360 | W48: 132000
A49: 47 | B49: 4971710570250 | C49: MTSU | D49: SEKKISEI | E49: SEKKISEI BRIGHTENING CREAM | F49: 0 | G49: 0 | H49: 0 | I49: 0 | J49: 0 | K49: 0 | P49: 514800 | T49: 695200 | W49: 759165
A50: 48 | B50: 4971710489194 | C50: YNCG009 | D50: VISEE | E50: VISEE LIP & CHEEK CREAM N BR-9 | F50: 0 | G50: 0 | H50: 0 | I50: 27500 | J50: 60500 | K50: 5500 | L50: 38500 | M50: 49500 | P50: 143000 | Q50: 88000 | R50: 8250 | S50: 16500 | T50: 90750 | W50: 44000
A51: 49 | B51: 4971710585278 | C51: MTOL | D51: SEKKISEI | E51: SEKKISEI BRIGHTENING FOAM CLEANSER | F51: 0 | G51: 0 | H51: 0 | I51: 0 | J51: 0 | K51: 0 | P51: 211200 | R51: 110000 | T51: 389400 | W51: 255530
A52: 50 | B52: 4971710295818 | C52: MUWT | D52: ONE BY KOSE | E52: ONE BY KOSE THE WRINKLESS S | F52: 0 | G52: 40700 | H52: 0 | I52: 20350 | J52: 40700 | K52: 97680 | L52: 496540 | M52: 463980 | N52: 427350 | O52: 268620 | P52: 602360 | Q52: 203500 | R52: 179080 | T52: 691900
A53: 51 | B53: 4971710557732 | C53: DXJC001 | D53: FASIO | E53: FASIO AIRY STAY BB TINT UV 01 | F53: 6600 | G53: 33000 | H53: 26400 | I53: 3300 | J53: 6600 | K53: 3300 | L53: 87120 | M53: 22440 | N53: 3960 | O53: 43560 | P53: 73920 | R53: 124080 | S53: 69960 | T53: 6600
A54: 52 | B54: 4971710557725 | C54: DXJC003 | D54: FASIO | E54: FASIO AIRY STAY BB TINT UV 03 | F54: 6600 | G54: 36300 | H54: 0 | I54: 0 | J54: 19800 | K54: 0 | L54: 82500 | M54: 23760 | N54: 26400 | O54: 79200 | P54: 73920 | R54: 47520 | S54: 68640 | T54: 19800 | W54: 81180
A55: 53 | B55: 4971710595499 | C55: YNXX001 | D55: VISEE | E55: VISEE W MOOD EYES BR-1 | F55: 0 | G55: 0 | H55: 0 | I55: 0 | J55: 0 | K55: 0 | M55: 47740 | N55: 169400 | O55: 84700 | P55: 29260 | Q55: 166320 | S55: 15400 | T55: 50050 | W55: 23100
A56: 54 | B56: 4971710576627 | C56: YNRF351 | D56: VISEE | E56: VISEE NENMAKU FAKE ROUGE BE351 | F56: 0 | G56: 0 | H56: 18480 | I56: 154000 | J56: 0 | K56: 0 | L56: 7700 | M56: 232540 | N56: 23100 | O56: 9240 | P56: 23100 | R56: 73920 | S56: 27720 | T56: 15400 | W56: 154000
A57: 55 | B57: 4971710582864 | C57: YNRE800 | D57: VISEE | E57: VISEE ESSENCE LIP PLUMPER PK800 | F57: 0 | G57: 35750 | H57: 7150 | I57: 30030 | J57: 114400 | K57: 14300 | M57: 225940 | N57: 5720 | O57: 4290 | P57: 30030 | R57: 1430 | T57: 253110
A58: 56 | B58: 4971710561210 | C58: YNRF850 | D58: VISEE | E58: VISEE NENMAKU FAKE ROUGE PK850 | F58: 0 | G58: 23100 | H58: 3850 | I58: 77000 | J58: 30800 | K58: 0 | L58: 70070 | M58: 61600 | N58: 1540 | O58: 64680 | P58: 83160 | Q58: 3850 | R58: 50820 | S58: 30800 | T58: 66990 | W58: 113960
A59: 57 | B59: 4971710599923 | C59: MUSG | D59: ONE BY KOSE | E59: #N/AONE BY KOSE SERUM VEIL LOTION | T59: 297000 | W59: 853050
A60: 58 | B60: 4971710556766 | C60: DLEP | D60: MAKE KEEP | E60: MAKE KEEP POWDER | F60: 0 | G60: 221100 | H60: 75900 | I60: 21120 | J60: 377520 | K60: 79200 | L60: 270600 | M60: 91080 | N60: 11880 | O60: 79200
A61: 59 | B61: 4971710494211 | C61: YNBN001 | D61: VISEE | E61: VISEE EYEBROW PENCIL S GY001 | F61: 38610 | G61: 1485 | H61: 0 | I61: 16632 | J61: 0 | K61: 10395 | L61: 7721 | M61: 3564 | N61: 2970 | O61: 20196 | P61: 11880 | Q61: 3564 | R61: 60588 | S61: 30888 | T61: 22572 | W61: 37422
A62: 60 | B62: 4971710541212 | C62: MUZT | D62: ONE BY KOSE | E62: ONE BY KOSE DEEP HYDRATOR | F62: 0 | G62: 17600 | H62: 0 | I62: 17600 | J62: 17600 | K62: 0 | L62: 242880 | M62: 28160 | O62: 75680 | P62: 561440 | R62: 1760 | T62: 274560
A63: 61 | B63: 4971710592993 | C63: YNGD005 | D63: VISEE | E63: VISEE COLOR DUO TRICK CONCEALER 05 | F63: 0 | G63: 0 | H63: 0 | I63: 0 | J63: 0 | K63: 0 | L63: 39325 | R63: 140360 | S63: 18150 | T63: 4840 | W63: 199650
A64: 62 | B64: 4971710593044 | C64: YNZH002 | D64: VISEE | E64: VISEE TRINITAS GLOW POWDER 02 | F64: 0 | G64: 0 | H64: 0 | I64: 0 | J64: 0 | K64: 0 | L64: 112200 | M64: 184195 | N64: 11220 | O64: 33660 | P64: 93500 | R64: 95370 | T64: 14025 | W64: 76670
A65: 63 | B65: 4971710582857 | C65: YNRE200 | D65: VISEE | E65: VISEE ESSENCE LIP PLUMPER OR200 | F65: 0 | G65: 35750 | H65: 7150 | I65: 29315 | J65: 715 | K65: 0 | L65: 107250 | M65: 54340 | N65: 5720 | O65: 4290 | P65: 1430 | R65: 1430 | S65: 7150 | T65: 214500 | W65: 58630
A66: 64 | B66: 4971710508833 | C66: YNFF405 | D66: VISEE | E66: VISEE FILTER SKIN FOUNDATION OC-405 | F66: 0 | G66: 0 | H66: 0 | I66: 0 | J66: 0 | K66: 0 | L66: 5280 | O66: 44000 | R66: 30800 | S66: 17600 | T66: 220000 | W66: 228800
A67: 65 | B67: 4971710580471 | C67: DXAO001 | D67: FASIO | E67: FASIO LASH PERM MASCARA SKINNY 01 | F67: 0 | G67: 0 | H67: 0 | I67: 0 | J67: 19800 | K67: 0 | L67: 79200 | M67: 1320 | N67: 21120 | O67: 7920 | P67: 39600 | Q67: 3960 | R67: 69300 | S67: 101640 | T67: 3960 | W67: 79200
A68: 66 | B68: 4971710523065 | C68: DXKB410 | D68: FASIO | E68: FASIO AIRY STAY POWDER FOUNDATION 410 | F68: 5280 | G68: 4400 | H68: 0 | I68: 3520 | J68: 44880 | K68: 0 | L68: 84480 | M68: 5280 | N68: 68640 | O68: 9680 | P68: 70400 | R68: 86240 | S68: 58080 | T68: 79200 | W68: 79200
A69: 67 | B69: 4971710582338 | C69: MTSY | D69: SEKKISEI | E69: SEKKISEI BRIGHTENING CREAM | F69: 0 | G69: 0 | H69: 0 | I69: 0 | J69: 0 | K69: 0 | P69: 526680 | T69: 257400 | W69: 463320
A70: 68 | B70: 4971710599954 | C70: MUSH | D70: ONE BY KOSE | E70: ONE BY KOSE SERUM VEIL LOTION | T70: 858000
A71: 69 | B71: 4971710585254 | C71: MTOJ | D71: SEKKISEI | E71: SEKKISEI BRIGHTENING CLEANSING OIL | F71: 0 | G71: 0 | H71: 0 | I71: 0 | J71: 0 | K71: 0 | P71: 264000 | S71: 27500 | T71: 378125 | W71: 147015
A72: 70 | B72: 4971710494914 | C72: YNUR002 | D72: VISEE | E72: VISEE AVANT LIP & EYE COLOR PENCIL 002 | F72: 0 | G72: 0 | H72: 0 | I72: 0 | J72: 6600 | K72: 0 | M72: 13200 | N72: 13200 | O72: 85800 | P72: 33000 | Q72: 66000 | R72: 66000 | W72: 99000
A73: 71 | B73: 4971710299212 | C73: MUCP | D73: ONE BY KOSE | E73: ONE BY KOSE DOUBLE BLACK WASHER | F73: 29700 | G73: 59400 | H73: 19800 | I73: 34650 | J73: 29700 | K73: 0 | L73: 556380
A74: 72 | B74: 4971710595536 | C74: YNXX005 | D74: VISEE | E74: VISEE W MOOD EYES PK-5 | F74: 0 | G74: 0 | H74: 0 | I74: 0 | J74: 0 | K74: 0 | M74: 49280 | N74: 104720 | O74: 135520 | P74: 23100 | Q74: 66220 | T74: 50050
A75: 73 | B75: 4971710494204 | C75: YNBN305 | D75: VISEE | E75: VISEE EYEBROW PENCIL S BR305 | F75: 0 | G75: 1485 | H75: 14850 | I75: 25245 | J75: 0 | K75: 0 | L75: 23760 | M75: 45144 | N75: 1782 | O75: 16632 | P75: 31482 | Q75: 1782 | R75: 4752 | S75: 1782 | T75: 2970 | W75: 33858
A76: 74 | B76: 4971710494167 | C76: YNBN300 | D76: VISEE | E76: VISEE EYEBROW PENCIL S BR300 | F76: 0 | G76: 2970 | H76: 0 | I76: 8910 | J76: 0 | K76: 2970 | L76: 18413 | M76: 27918 | O76: 20196 | P76: 31482 | Q76: 5346 | R76: 1782 | S76: 3564 | T76: 16038 | W76: 32076
A77: 75 | B77: 4971710295252 | C77: MUZP | D77: ONE BY KOSE | E77: ONE BY KOSE THE WATER MATE | F77: 0 | G77: 34650 | H77: 0 | I77: 17325 | J77: 173250 | K77: 265650 | L77: 138600 | M77: 106260 | N77: 71610 | O77: 99330 | P77: 184800
A78: 76 | B78: 4971710513622 | C78: DXQT002 | D78: FASIO | E78: FASIO EYEBROW PENCIL 02 | F78: 0 | G78: 9060 | H78: 0 | I78: 15100 | J78: 9060 | K78: 0 | L78: 74291 | O78: 1812 | P78: 18120 | Q78: 7248 | R78: 19328 | S78: 9060 | T78: 7550 | W78: 15100
A79: 77 | B79: 4971710595512 | C79: YNXX003 | D79: VISEE | E79: VISEE W MOOD EYES GY-3 | F79: 0 | G79: 0 | H79: 0 | I79: 0 | J79: 0 | K79: 0 | M79: 37730 | N79: 51590 | O79: 77000 | P79: 46200 | Q79: 46200 | T79: 73150 | W79: 53900
A80: 78 | B80: 4971710599985 | C80: MUSO | D80: ONE BY KOSE | E80: ONE BY KOSE SERUM VEIL EMULSION | T80: 797500
A81: 79 | B81: 4971710585261 | C81: MTOK | D81: SEKKISEI | E81: SEKKISEI BRIGHTENING CLEANSING OIL | F81: 0 | G81: 0 | H81: 0 | I81: 0 | J81: 0 | K81: 0 | P81: 294800 | T81: 44000 | W81: 196020
A82: 80 | B82: 4971710561227 | C82: YNRF851 | D82: VISEE | E82: VISEE NENMAKU FAKE ROUGE PK851 | F82: 0 | G82: 18480 | H82: 18480 | I82: 40040 | J82: 7700 | K82: 0 | L82: 51590 | M82: 30800 | N82: 9240 | O82: 32340 | P82: 50820 | Q82: 5390 | R82: 23100 | S82: 24640 | T82: 15400 | W82: 114730
A83: 81 | B83: 4971710569193 | C83: DXFX002 | D83: FASIO | E83: FASIO AIRY STAY BB TINT MOIST 02 | F83: 6600 | G83: 19800 | H83: 3300 | I83: 26400 | J83: 6600 | K83: 0 | L83: 90420 | M83: 3960 | O83: 40920 | P83: 33000 | Q83: 7920 | S83: 3960 | T83: 35640 | W83: 33000
A84: 82 | B84: 4971710595475 | C84: YNRI832 | D84: VISEE | E84: VISEE NENMAKU FAKE LIQUID | F84: 0 | G84: 0 | H84: 0 | I84: 0 | J84: 0 | K84: 0 | O84: 165000 | W84: 207075
A85: 83 | B85: 4971710490756 | C85: YNIT321 | D85: VISEE | E85: VISEE MELTY SHARP GEL LINER BR321 | F85: 0 | G85: 0 | H85: 0 | I85: 33000 | J85: 5500 | K85: 0 | L85: 82500 | M85: 99000 | O85: 16500 | R85: 16500 | W85: 33000
A86: 84 | B86: 4971710523058 | C86: DXKB405 | D86: FASIO | E86: FASIO AIRY STAY POWDER FOUNDATION 405 | F86: 5280 | G86: 4400 | H86: 0 | I86: 3520 | J86: 13200 | K86: 26400 | L86: 41360 | M86: 5280 | N86: 42240 | O86: 22000 | P86: 47520 | R86: 56320 | S86: 47520 | T86: 70400 | W86: 61600
A87: 85 | B87: 4971710593020 | C87: YNGD008 | D87: VISEE | E87: VISEE COLOR DUO TRICK CONCEALER 08 | F87: 0 | G87: 0 | H87: 0 | I87: 0 | J87: 0 | K87: 0 | L87: 39325 | M87: 68365 | N87: 14520 | O87: 24200 | P87: 7260 | Q87: 102850 | R87: 1210 | S87: 12100 | T87: 1210
A88: 86 | B88: 4971710592962 | C88: YNGC002 | D88: VISEE | E88: VISEE COLOR DUO TRICK CONCEALER 02 | F88: 0 | G88: 0 | H88: 0 | I88: 0 | J88: 0 | K88: 0 | L88: 39325 | M88: 81675 | N88: 38720 | O88: 7260 | P88: 21175 | Q88: 8470 | R88: 1210 | T88: 15125 | W88: 55660
A89: 87 | B89: 4971710561258 | C89: YNRF350 | D89: VISEE | E89: VISEE NENMAKU FAKE ROUGE BR350 | F89: 0 | G89: 18480 | H89: 18480 | I89: 1540 | J89: 30800 | K89: 24640 | L89: 63910 | M89: 10780 | N89: 6160 | O89: 27720 | P89: 63140 | Q89: 3850 | R89: 1540 | S89: 1540 | T89: 41580 | W89: 118580
A90: 88 | B90: 4971710588132 | C90: YNRE003 | D90: VISEE | E90: VISEE ESSENCE LIP PLUMPER SP003 | F90: 0 | G90: 0 | H90: 0 | I90: 0 | J90: 0 | K90: 0 | M90: 214500 | Q90: 14300 | T90: 84370
A91: 89 | B91: 4971710593013 | C91: YNGD007 | D91: VISEE | E91: VISEE COLOR DUO TRICK CONCEALER 07 | F91: 0 | G91: 0 | H91: 0 | I91: 0 | J91: 0 | K91: 0 | L91: 39325 | M91: 65340 | N91: 21175 | O91: 1210 | P91: 36300 | Q91: 8470 | T91: 18150 | W91: 73810
A92: 90 | B92: 4971710593006 | C92: YNGD006 | D92: VISEE | E92: VISEE COLOR DUO TRICK CONCEALER 06 | F92: 0 | G92: 0 | H92: 0 | I92: 0 | J92: 0 | K92: 0 | L92: 39325 | M92: 71995 | N92: 23595 | O92: 3630 | R92: 28435 | S92: 18150 | T92: 1210 | W92: 72600
A93: 91 | B93: 4971710566147 | C93: DXYX002 | D93: FASIO | E93: FASIO WATERPROOF EYEBROW SLIM 02 | F93: 0 | G93: 16500 | H93: 5500 | I93: 0 | J93: 16500 | K93: 0 | L93: 83600 | N93: 1100 | O93: 550 | P93: 44000 | Q93: 3300 | R93: 24200 | S93: 3300 | T93: 36300 | W93: 27500
A94: 92 | B94: 4971710556834 | C94: YNFB002 | D94: VISEE | E94: VISEE GLOW BALM FOUNDATION 02 | F94: 0 | G94: 4950 | H94: 14850 | I94: 54450 | J94: 14850 | K94: 64350 | L94: 49500 | M94: 18810 | N94: 1980 | O94: 31680 | P94: 54450 | Q94: 6930 | R94: 3960 | S94: 29700 | T94: 118800 | W94: 81180
A95: 93 | B95: 4971710513615 | C95: DXQT001 | D95: FASIO | E95: FASIO EYEBROW PENCIL 01 | F95: 0 | G95: 9060 | H95: 0 | I95: 0 | J95: 9060 | K95: 0 | L95: 35031 | O95: 1812 | Q95: 21744 | R95: 28388 | S95: 9060 | T95: 7550 | W95: 15100
A96: 94 | B96: 4971710513684 | C96: DXQY002 | D96: FASIO | E96: FASIO PENCIL EYELINER 02 | F96: 0 | G96: 16500 | H96: 0 | I96: 0 | J96: 16500 | K96: 0 | L96: 66000 | M96: 11000 | O96: 3300 | P96: 33000 | R96: 35200 | S96: 16500 | T96: 5500 | W96: 27500
A97: 95 | B97: 4971710595505 | C97: YNXX002 | D97: VISEE | E97: VISEE W MOOD EYES BR-2 | F97: 0 | G97: 0 | H97: 0 | I97: 0 | J97: 0 | K97: 0 | M97: 30030 | N97: 88550 | O97: 61600 | P97: 46200 | Q97: 15400 | T97: 34650
A98: 96 | B98: 4971710576610 | C98: YNRF852 | D98: VISEE | E98: VISEE NENMAKU FAKE ROUGE PK852 | F98: 0 | G98: 0 | H98: 18480 | I98: 154000 | J98: 0 | K98: 0 | L98: 7700 | M98: 117040 | N98: 23100 | O98: 4620 | R98: 23100 | S98: 26180 | T98: 6160 | W98: 66220
A99: 97 | B99: 4971710571844 | C99: YNRE900 | D99: VISEE | E99: VISEE ESSENCE LIP PLUMPER BL900 | F99: 143000 | G99: 0 | H99: 0 | I99: 0 | J99: 197340 | K99: 0 | L99: 71500 | M99: 78650 | N99: 21450 | P99: 82225
A100: 98 | B100: 4971710561234 | C100: YNRF250 | D100: VISEE | E100: VISEE NENMAKU FAKE ROUGE OR250 | F100: 0 | G100: 0 | H100: 3850 | I100: 38500 | J100: 8470 | K100: 1540 | L100: 74690 | M100: 10780 | N100: 9240 | O100: 32340 | P100: 1540 | Q100: 3850 | R100: 3850 | S100: 23100 | W100: 110880
...

Sheet ブランド別売上推移
T1: 単位：千円
A2: ブランド | B2: 2024 | H2: 2025 | T2: 合計
B3: 7月 | C3: 8月 | D3: 9月 | E3: 10月 | F3: 11月 | G3: 12月 | H3: 1月 | I3: 2月 | J3: 3月 | K3: 4月 | L3: 5月 | M3: 6月 | N3: 7月 | O3: 8月 | P3: 9月 | Q3: 10月 | R3: 11月 | S3: 12月 | T3: 金額 | U3: 構成比
A4: MAKE KEEP | B4: =SUMIF(金額!D:F,$A4,金額!F:F)/1000 -> 0 | C4: =SUMIF(金額!$D:G,$A4,金額!G:G)/1000 -> 501.6 | D4: =SUMIF(金額!$D:H,$A4,金額!H:H)/1000 -> 128.7 | E4: =SUMIF(金額!$D:I,$A4,金額!I:I)/1000 -> 120.34 | F4: =SUMIF(金額!$D:J,$A4,金額!J:J)/1000 -> 729.96 | G4: =SUMIF(金額!$D:K,$A4,金額!K:K)/1000 -> 126.5 | H4: =SUMIF(金額!$D:L,$A4,金額!L:L)/1000 -> 2071.08 | I4: =SUMIF(金額!$D:M,$A4,金額!M:M)/1000 -> 1773.64 | J4: =SUMIF(金額!$D:N,$A4,金額!N:N)/1000 -> 5663.68 | K4: =SUMIF(金額!$D:O,$A4,金額!O:O)/1000 -> 11066 | L4: =SUMIF(金額!$D:P,$A4,金額!P:P)/1000 -> 21080.84 | M4: =SUMIF(金額!$D:Q,$A4,金額!Q:Q)/1000 -> 11346.076 | N4: =SUMIF(金額!$D:R,$A4,金額!R:R)/1000 -> 29216.902 | O4: =SUMIF(金額!$D:S,$A4,金額!S:S)/1000 -> 26968.58 | P4: =SUMIF(金額!$D:T,$A4,金額!T:T)/1000 -> 44998.908 | Q4: =SUMIF(金額!$D:U,$A4,金額!U:U)/1000 -> 0 | R4: =SUMIF(金額!$D:V,$A4,金額!V:V)/1000 -> 0 | S4: =SUMIF(金額!$D:W,$A4,金額!W:W)/1000 -> 237.787 | T4: =SUM(B4:S4) -> 156030.59 | U4: =T4/$T$11 -> 0.30955273
A5: その他CCS | B5: =SUMIF(金額!D:F,A5,金額!F:F)/1000 -> 0 | C5: =SUMIF(金額!$D:G,$A5,金額!G:G)/1000 -> 53.35 | D5: =SUMIF(金額!$D:H,$A5,金額!H:H)/1000 -> 25.85 | E5: =SUMIF(金額!$D:I,$A5,金額!I:I)/1000 -> 0 | F5: =SUMIF(金額!$D:J,$A5,金額!J:J)/1000 -> 284.24 | G5: =SUMIF(金額!$D:K,$A5,金額!K:K)/1000 -> 16.5 | H5: =SUMIF(金額!$D:L,$A5,金額!L:L)/1000 -> 1515.8 | I5: =SUMIF(金額!$D:M,$A5,金額!M:M)/1000 -> 1485 | J5: =SUMIF(金額!$D:N,$A5,金額!N:N)/1000 -> 70.4 | K5: =SUMIF(金額!$D:O,$A5,金額!O:O)/1000 -> 1100.88 | L5: =SUMIF(金額!$D:P,$A5,金額!P:P)/1000 -> 24.75 | M5: =SUMIF(金額!$D:Q,$A5,金額!Q:Q)/1000 -> 87.23 | N5: =SUMIF(金額!$D:R,$A5,金額!R:R)/1000 -> 2032.25 | O5: =SUMIF(金額!$D:S,$A5,金額!S:S)/1000 -> 1136.3 | P5: =SUMIF(金額!$D:T,$A5,金額!T:T)/1000 -> 4734.345 | Q5: =SUMIF(金額!$D:U,$A5,金額!U:U)/1000 -> 0 | R5: =SUMIF(金額!$D:V,$A5,金額!V:V)/1000 -> 0 | S5: =SUMIF(金額!$D:W,$A5,金額!W:W)/1000 -> 21.45 | T5: =SUM(B5:S5) -> 12588.345 | U5: =T5/$T$11 -> 0.024974311
A6: FASIO | B6: =SUMIF(金額!D:F,A6,金額!F:F)/1000 -> 73.48 | C6: =SUMIF(金額!$D:G,$A6,金額!G:G)/1000 -> 418.78 | D6: =SUMIF(金額!$D:H,$A6,金額!H:H)/1000 -> 279.895 | E6: =SUMIF(金額!$D:I,$A6,金額!I:I)/1000 -> 564.44 | F6: =SUMIF(金額!$D:J,$A6,金額!J:J)/1000 -> 956.005 | G6: =SUMIF(金額!$D:K,$A6,金額!K:K)/1000 -> 308.15 | H6: =SUMIF(金額!$D:L,$A6,金額!L:L)/1000 -> 1944.557 | I6: =SUMIF(金額!$D:M,$A6,金額!M:M)/1000 -> 243.153 | J6: =SUMIF(金額!$D:N,$A6,金額!N:N)/1000 -> 420.932 | K6: =SUMIF(金額!$D:O,$A6,金額!O:O)/1000 -> 955.094 | L6: =SUMIF(金額!$D:P,$A6,金額!P:P)/1000 -> 1416.264 | M6: =SUMIF(金額!$D:Q,$A6,金額!Q:Q)/1000 -> 230.406 | N6: =SUMIF(金額!$D:R,$A6,金額!R:R)/1000 -> 1344.808 | O6: =SUMIF(金額!$D:S,$A6,金額!S:S)/1000 -> 1050.964 | P6: =SUMIF(金額!$D:T,$A6,金額!T:T)/1000 -> 1141.974 | Q6: =SUMIF(金額!$D:U,$A6,金額!U:U)/1000 -> 0 | R6: =SUMIF(金額!$D:V,$A6,金額!V:V)/1000 -> 0 | S6: =SUMIF(金額!$D:W,$A6,金額!W:W)/1000 -> 1785.166 | T6: =SUM(B6:S6) -> 13134.068 | U6: =T6/$T$11 -> 0.026056984
A7: ONE BY KOSE | B7: =SUMIF(金額!D:F,A7,金額!F:F)/1000 -> 452.1 | C7: =SUMIF(金額!$D:G,$A7,金額!G:G)/1000 -> 1771.275 | D7: =SUMIF(金額!$D:H,$A7,金額!H:H)/1000 -> 763.4 | E7: =SUMIF(金額!$D:I,$A7,金額!I:I)/1000 -> 1588.4 | F7: =SUMIF(金額!$D:J,$A7,金額!J:J)/1000 -> 4290.055 | G7: =SUMIF(金額!$D:K,$A7,金額!K:K)/1000 -> 5379.495 | H7: =SUMIF(金額!$D:L,$A7,金額!L:L)/1000 -> 18711.055 | I7: =SUMIF(金額!$D:M,$A7,金額!M:M)/1000 -> 10823.56 | J7: =SUMIF(金額!$D:N,$A7,金額!N:N)/1000 -> 7069.26 | K7: =SUMIF(金額!$D:O,$A7,金額!O:O)/1000 -> 11290.015 | L7: =SUMIF(金額!$D:P,$A7,金額!P:P)/1000 -> 33670.065 | M7: =SUMIF(金額!$D:Q,$A7,金額!Q:Q)/1000 -> 6478.01 | N7: =SUMIF(金額!$D:R,$A7,金額!R:R)/1000 -> 13014.375 | O7: =SUMIF(金額!$D:S,$A7,金額!S:S)/1000 -> 11533.06 | P7: =SUMIF(金額!$D:T,$A7,金額!T:T)/1000 -> 90481.27 | Q7: =SUMIF(金額!$D:U,$A7,金額!U:U)/1000 -> 0 | R7: =SUMIF(金額!$D:V,$A7,金額!V:V)/1000 -> 0 | S7: =SUMIF(金額!$D:W,$A7,金額!W:W)/1000 -> 4150.74 | T7: =SUM(B7:S7) -> 221466.13 | U7: =T7/$T$11 -> 0.43937183
A8: SEKKISEI | B8: =SUMIF(金額!D:F,A8,金額!F:F)/1000 -> 0 | C8: =SUMIF(金額!$D:G,$A8,金額!G:G)/1000 -> 0 | D8: =SUMIF(金額!$D:H,$A8,金額!H:H)/1000 -> 0 | E8: =SUMIF(金額!$D:I,$A8,金額!I:I)/1000 -> 0 | F8: =SUMIF(金額!$D:J,$A8,金額!J:J)/1000 -> 0 | G8: =SUMIF(金額!$D:K,$A8,金額!K:K)/1000 -> 0 | H8: =SUMIF(金額!$D:L,$A8,金額!L:L)/1000 -> 0 | I8: =SUMIF(金額!$D:M,$A8,金額!M:M)/1000 -> 0 | J8: =SUMIF(金額!$D:N,$A8,金額!N:N)/1000 -> 0 | K8: =SUMIF(金額!$D:O,$A8,金額!O:O)/1000 -> 0 | L8: =SUMIF(金額!$D:P,$A8,金額!P:P)/1000 -> 6288.425 | M8: =SUMIF(金額!$D:Q,$A8,金額!Q:Q)/1000 -> 136.4 | N8: =SUMIF(金額!$D:R,$A8,金額!R:R)/1000 -> 1681.68 | O8: =SUMIF(金額!$D:S,$A8,金額!S:S)/1000 -> 6664.68 | P8: =SUMIF(金額!$D:T,$A8,金額!T:T)/1000 -> 12432.31 | Q8: =SUMIF(金額!$D:U,$A8,金額!U:U)/1000 -> 0 | R8: =SUMIF(金額!$D:V,$A8,金額!V:V)/1000 -> 0 | S8: =SUMIF(金額!$D:W,$A8,金額!W:W)/1000 -> 4806.835 | T8: =SUM(B8:S8) -> 32010.33 | U8: =T8/$T$11 -> 0.06350604
A9: VISEE | B9: =SUMIF(金額!D:F,A9,金額!F:F)/1000 -> 2433.31 | C9: =SUMIF(金額!$D:G,$A9,金額!G:G)/1000 -> 1181.395 | D9: =SUMIF(金額!$D:H,$A9,金額!H:H)/1000 -> 1765.46 | E9: =SUMIF(金額!$D:I,$A9,金額!I:I)/1000 -> 3503.357 | F9: =SUMIF(金額!$D:J,$A9,金額!J:J)/1000 -> 4396.183 | G9: =SUMIF(金額!$D:K,$A9,金額!K:K)/1000 -> 1534.335 | H9: =SUMIF(金額!$D:L,$A9,金額!L:L)/1000 -> 6648.114 | I9: =SUMIF(金額!$D:M,$A9,金額!M:M)/1000 -> 6303.387 | J9: =SUMIF(金額!$D:N,$A9,金額!N:N)/1000 -> 3963.825 | K9: =SUMIF(金額!$D:O,$A9,金額!O:O)/1000 -> 3906.064 | L9: =SUMIF(金額!$D:P,$A9,金額!P:P)/1000 -> 3989.314 | M9: =SUMIF(金額!$D:Q,$A9,金額!Q:Q)/1000 -> 2860.205 | N9: =SUMIF(金額!$D:R,$A9,金額!R:R)/1000 -> 3202.838 | O9: =SUMIF(金額!$D:S,$A9,金額!S:S)/1000 -> 2717.37 | P9: =SUMIF(金額!$D:T,$A9,金額!T:T)/1000 -> 11704.744 | Q9: =SUMIF(金額!$D:U,$A9,金額!U:U)/1000 -> 0 | R9: =SUMIF(金額!$D:V,$A9,金額!V:V)/1000 -> 0 | S9: =SUMIF(金額!$D:W,$A9,金額!W:W)/1000 -> 6698.216 | T9: =SUM(B9:S9) -> 66808.117 | U9: =T9/$T$11 -> 0.13254218
A10: INFINITY | B10: =SUMIF(金額!D:F,A10,金額!F:F)/1000 -> 0 | C10: =SUMIF(金額!$D:G,$A10,金額!G:G)/1000 -> 0 | D10: =SUMIF(金額!$D:H,$A10,金額!H:H)/1000 -> 0 | E10: =SUMIF(金額!$D:I,$A10,金額!I:I)/1000 -> 0 | F10: =SUMIF(金額!$D:J,$A10,金額!J:J)/1000 -> 0 | G10: =SUMIF(金額!$D:K,$A10,金額!K:K)/1000 -> 0 | H10: =SUMIF(金額!$D:L,$A10,金額!L:L)/1000 -> 0 | I10: =SUMIF(金額!$D:M,$A10,金額!M:M)/1000 -> 0 | J10: =SUMIF(金額!$D:N,$A10,金額!N:N)/1000 -> 0 | K10: =SUMIF(金額!$D:O,$A10,金額!O:O)/1000 -> 0 | L10: =SUMIF(金額!$D:P,$A10,金額!P:P)/1000 -> 0 | M10: =SUMIF(金額!$D:Q,$A10,金額!Q:Q)/1000 -> 0 | N10: =SUMIF(金額!$D:R,$A10,金額!R:R)/1000 -> 0 | O10: =SUMIF(金額!$D:S,$A10,金額!S:S)/1000 -> 0 | P10: =SUMIF(金額!$D:T,$A10,金額!T:T)/1000 -> 383.35 | Q10: =SUMIF(金額!$D:U,$A10,金額!U:U)/1000 -> 0 | R10: =SUMIF(金額!$D:V,$A10,金額!V:V)/1000 -> 0 | S10: =SUMIF(金額!$D:W,$A10,金額!W:W)/1000 -> 1630.805 | T10: =SUM(B10:S10) -> 2014.155 | U10: =T10/$T$11 -> 0.003995929
A11: TTL | B11: =SUM(B4:B10) -> 2958.89 | C11: =SUM(C4:C10) -> 3926.4 | D11: =SUM(D4:D10) -> 2963.305 | E11: =SUM(E4:E10) -> 5776.537 | F11: =SUM(F4:F10) -> 10656.443 | G11: =SUM(G4:G10) -> 7364.98 | H11: =SUM(H4:H10) -> 30890.606 | I11: =SUM(I4:I10) -> 20628.74 | ... T11: =SUM(T4:T10) -> 504051.74 | U11: =T11/$T$11 -> 1
B13: 2958890 | C13: 3926400 | D13: 2963305 | E13: 5776537 | F13: 10656443 | G13: 7364980 | H13: 30890606 | I13: 20628740 | J13: 17188097 | K13: 28318053 | L13: 66469658 | M13: 21138327 | N13: 50492853 | O13: 50070954 | P13: 165876901 | Q13: 0 | R13: 0 | S13: 19330999
T18: =SUM(C18:N18) -> 0
T19: =SUM(C19:N19) -> 0

Sheet アイテム別売上推移
A1: No. | B1: 商品符号 | C1: 商品名称 | D1: 24年7月～25年12月累計
D2: 数量 | E2: 構成比 | F2: 金額（千円） | G2: 構成比
A3: 1 | B3: DLEA | C3: MAKE KEEP MIST EX + | D3: 181809 | E3: =D3/$D$14 -> 0.35378146 | F3: 119682.42 | G3: =F3/$F$14 -> 0.23744074
A4: 2 | B4: MUSC | C4: ONE BY KOSE SERUM SHIELD | D4: 40625 | E4: =D4/$D$14 -> 0.079052037 | F4: 106884.25 | G4: =F4/$F$14 -> 0.21205015
A5: 3 | B5: MUCI | C5: ONE BY KOSE PORE CLEAR OIL（Refill） | D5: 36263 | E5: =D5/$D$14 -> 0.070564038 | F5: 29235.525 | G5: =F5/$F$14 -> 0.058001039
A6: 4 | B6: DLFP | C6: MAKE KEEP POWDER ＥＸ | D6: 23558 | E6: =D6/$D$14 -> 0.045841425 | F6: 16325.694 | G6: =F6/$F$14 -> 0.032388925
A7: 5 | B7: DLIB | C7: CURL KEEP MAGIC | D7: 21800 | E7: =D7/$D$14 -> 0.042420539 | F7: 9306 | G7: =F7/$F$14 -> 0.01846239
A8: 6 | B8: YNRE001 | C8: VISEE ESSENCE LIP PLUMPER SP001 | D8: 9498 | E8: =D8/$D$14 -> 0.018482123 | F8: 6343.48 | G8: =F8/$F$14 -> 0.012584978
A9: 7 | B9: DLCE | C9: MAKE KEEP PRIMER COOL | D9: 7815 | E9: =D9/$D$14 -> 0.01520718 | F9: 5157.9 | G9: =F9/$F$14 -> 0.010232878
A10: 8 | B10: DLCH | C10: MAKE KEEP MIST EX + SAKURA CHERRY | D10: 6700 | E10: =D10/$D$14 -> 0.013037505 | F10: 4422 | G10: =F10/$F$14 -> 0.0087729089
A11: 9 | B11: DLCC | C11: MAKE KEEP MIST EX + COOL | D11: 6456 | E11: =D11/$D$14 -> 0.012562707 | F11: 4260.96 | G11: =F11/$F$14 -> 0.0084534178
A12: 10 | B12: YNRE300 | C12: VISEE ESSENCE LIP PLUMPER BE300 | D12: 6288 | E12: =D12/$D$14 -> 0.012235796 | F12: 3903.9 | G12: =F12/$F$14 -> 0.0077450382
A13: 11 | B13: 11位以下 | D13: =D14-SUM(D3:D12) -> 173090 | E13: =D13/$D$14 -> 0.33681519 | F13: =F14-SUM(F3:F12) -> 198529.61 | G13: =F13/$F$14 -> 0.39386753
A14: TTL | C14: 合計 | D14: 513902 | E14: =D14/$D$14 -> 1 | F14: 504051.74 | G14: =F14/$F$14 -> 1

Sheet top10
A1: 累計
A2: No. | B2: 商品符号 | C2: 商品名称 | D2: 合計
D3: 数量 | E3: 金額
A4: 1 | B4: DLEA | C4: MAKE KEEP MIST EX + | D4: 181809 | E4: 119682420 | F4: =E4/1000 -> 119682.42
A5: 2 | B5: MUSC | C5: ONE BY KOSE SERUM SHIELD | D5: 40625 | E5: 106884250 | F5: =E5/1000 -> 106884.25
A6: 3 | B6: MUCI | C6: ONE BY KOSE PORE CLEAR OIL（Refill） | D6: 36263 | E6: 29235525 | F6: =E6/1000 -> 29235.525
A7: 4 | B7: DLFP | C7: MAKE KEEP POWDER ＥＸ | D7: 23558 | E7: 16325694 | F7: =E7/1000 -> 16325.694
A8: 5 | B8: DLIB | C8: CURL KEEP MAGIC | D8: 21800 | E8: 9306000 | F8: =E8/1000 -> 9306
A9: 6 | B9: YNRE001 | C9: VISEE ESSENCE LIP PLUMPER SP001 | D9: 9498 | E9: 6343480 | F9: =E9/1000 -> 6343.48
A10: 7 | B10: DLCE | C10: MAKE KEEP PRIMER COOL | D10: 7815 | E10: 5157900 | F10: =E10/1000 -> 5157.9
A11: 8 | B11: DLCH | C11: MAKE KEEP MIST EX + SAKURA CHERRY | D11: 6700 | E11: 4422000 | F11: =E11/1000 -> 4422
A12: 9 | B12: DLCC | C12: MAKE KEEP MIST EX + COOL | D12: 6456 | E12: 4260960 | F12: =E12/1000 -> 4260.96
A13: 10 | B13: YNRE300 | C13: VISEE ESSENCE LIP PLUMPER BE300 | D13: 6288 | E13: 3903900 | F13: =E13/1000 -> 3903.9

Sheet ブランド別実績
A1: ブランド | B1: 数量 | C1: 構成比 | D1: 金額 | E1: 構成比
A2: VISEE | B2: 72449 | C2: =B2/$B$9 -> 0.15128274 | D2: 51994077 | E2: =D2/$D$9 -> 0.11053041
A3: FASIO | B3: 18216 | C3: =B3/$B$9 -> 0.038037327 | D3: 10533318 | E3: =D3/$D$9 -> 0.022392011
A4: ONE BY KOSE | B4: 111157 | C4: =B4/$B$9 -> 0.23210997 | D4: 207221410 | E4: =D4/$D$9 -> 0.44051685
A5: MKM | B5: 234688 | C5: =B5/$B$9 -> 0.49005843 | D5: 154423493 | E5: =D5/$D$9 -> 0.32827761
A6: CCS | B6: 26607 | C6: =B6/$B$9 -> 0.055558804 | D6: 12208405 | E6: =D6/$D$9 -> 0.025952956
A7: SEKKISEI | B7: 15031 | C7: =B7/$B$9 -> 0.031386642 | D7: 32010330 | E7: =D7/$D$9 -> 0.06804842
A8: INFINITY | B8: 750 | C8: =B8/$B$9 -> 0.0015660955 | D8: 2014155 | E8: =D8/$D$9 -> 0.0042817449
A9: 合計 | B9: =SUM(B2:B8) -> 478898 | C9: =B9/$B$9 -> 1 | D9: =SUM(D2:D8) -> 470405188 | E9: =D9/$D$9 -> 1
Q205: =SUM(Q206:Q212) -> 0

Sheet 月別実績
A2: 単位：千円 | B2: 2024 | H2: 2025 | T2: 合計
B3: 7月 | C3: 8月 | D3: 9月 | E3: 10月 | F3: 11月 | G3: 12月 | H3: 1月 | I3: 2月 | J3: 3月 | K3: 4月 | L3: 5月 | M3: 6月 | N3: 7月 | O3: 8月 | P3: 9月 | Q3: 10月 | R3: 11月 | S3: 12月
A4: UNQ売上 TTL | B4: 6619.635 | C4: 5543.895 | D4: 5423.895 | E4: 12794.087 | F4: 15671.343 | G4: 7639.98 | H4: 28082.369 | I4: 21375 | J4: 15625.543 | K4: 25743.685 | L4: 62630.612 | M4: 26933.611 | N4: 45902.594 | O4: 45519.049 | P4: 150797.18 | Q4: 0 | R4: 0 | S4: 17573.635 | T4: =SUM(B4:S4) -> 493876.11
A5: WeChat売上 | B5: 2958.89 | C5: 3926.4 | D5: 2963.305 | E5: 5776.537 | F5: 10656.443 | G5: 7364.98 | H5: 28082.369 | I5: 18753.4 | J5: 15625.543 | K5: 25743.685 | L5: 60426.962 | M5: 19216.661 | N5: 45902.594 | O5: 45519.049 | P5: 150797.18 | Q5: 0 | R5: 0 | S5: 16383.285 | T5: =SUM(B5:S5) -> 460097.28
A6: その他 | B6: =B4-B5 -> 3660.745 | C6: =C4-C5 -> 1617.495 | D6: =D4-D5 -> 2460.59 | E6: =E4-E5 -> 7017.55 | F6: =F4-F5 -> 5014.9 | G6: =G4-G5 -> 275 | H6: =H4-H5 -> 0 | I6: =I4-I5 -> 2621.6 | ... N6: =N4-N5 -> 0 | T6: =SUM(B6:S6) -> 32588.48
A7: WeChat構成比 | B7: =B5/B4 -> 0.44698688 | C7: =C5/C4 -> 0.70823852 | D7: =D5/D4 -> 0.54634262 | E7: =E5/E4 -> 0.45150053 | F7: =F5/F4 -> 0.67999552 | G7: =G5/G4 -> 0.96400514 | H7: =H5/H4 -> 1 | I7: =I5/I4 -> 0.87735205 | ... T7: =T5/T4 -> 0.93160465

Sheet グラフ作成用
A1: No. | B1: JANコード | C1: 商品符号 | D1: 商品名称 | E1: 45658 | F1: 45690 | G1: 45722 | H1: 45754 | I1: 45786 | J1: 45818 | K1: 45848 | L1: 45880 | M1: 45912
A2: 合計 | D2: 合計 | E2: 30890.606 | F2: 20628.74 | G2: 17188.097 | H2: 28318.053 | I2: 66469.658 | J2: 21138.327 | K2: 50492.853 | L2: 39510.954 | M2: 165876.9
A3: 1 | B3: 4971710576306 | C3: DLEA | D3: MAKE KEEP MIST EX + | E3: 1333.2 | F3: 2360.82 | G3: 5488.56 | H3: 8102.16 | I3: 13332.66 | J3: 9139.68 | K3: 20606.52 | L3: 6600 | M3: 42472.32
A4: 2 | B4: 4971710565065 | C4: MUSC | D4: ONE BY KOSE SERUM SHIELD | E4: 9190.5 | F4: 7312.25 | G4: 2546.5 | H4: 6083 | I4: 16464.25 | J4: 3080 | K4: 7144.5 | L4: 4675 | M4: 45254

Sheet 価格設定
K1: 単位：元
A2: No. | B2: 商品符号 | C2: 商品名称 | D2: 日本定価 （円） | E2: 中国KOSE | G2: Tmall旗艦店 | I2: Douyin旗艦店 | K2: WeChat
E3: 定価 | F3: 最低 | G3: 定価 | H3: 最低 | I3: 定価 | J3: 最低 | K3: 最高 | L3: 最低
A4: 1 | B4: DLEA | C4: MAKE KEEP MIST EX + | D4: 1200 | E4: 89 | F4: 55 | G4: 89 | H4: 69 | I4: 89 | J4: 69 | K4: 82 | L4: 69
A5: 2 | B5: MUSC | C5: ONE BY KOSE SERUM SHIELD | D5: 5000 | E5: 280 | F5: Online未導入 | G5: 279 | H5: 199 | I5: 279 | J5: 199 | K5: 259 | L5: 239
